time="2026-10-07T22:20:58.883-04:00" level=info msg="cmdg 1.05, built from commit c5d95f25369ea02d7b2a4efe5c52ec100c0ea63c of 2026-10-08T02:16:56Z with uncommitted changes" pid=2051
time="2026-10-07T22:20:58.883-04:00" level=info msg="Starting keyboard input" pid=2051
time="2026-10-07T22:20:58.884-04:00" level=info msg="Running MessageView" pid=2051
time="2026-10-07T22:20:59.011-04:00" level=info msg="RPC> gmail.Users.GetProfile(email=\"me\") => <nil> 127.533295ms" pid=2051
time="2026-10-07T22:20:59.012-04:00" level=info msg="Initing history ID to 2307342" pid=2051
time="2026-10-07T22:20:59.012-04:00" level=info msg="Listing messages on label \"INBOX\" query \"\" with token \"\"…" pid=2051
time="2026-10-07T22:20:59.012-04:00" level=info msg="Got history update: {historyID:2307342 history:[]}" pid=2051
time="2026-10-07T22:20:59.093-04:00" level=info msg="RPC> people.OtherContacts.List() => <nil> 209.854629ms" pid=2051
time="2026-10-07T22:20:59.144-04:00" level=info msg="RPC> gmail.Users.Messages.List(email=\"me\" token= labelID=\"INBOX\" query=\"\" size=100 fields=\"messages,resultSizeEstimate,nextPageToken\")) => <nil> 132.549459ms" pid=2051
time="2026-10-07T22:20:59.144-04:00" level=info msg="Next page token: \"\"" pid=2051
time="2026-10-07T22:20:59.145-04:00" level=info msg="Listing messages took 132.922506ms" pid=2051
time="2026-10-07T22:20:59.145-04:00" level=info msg="MessageListView: Got page!" pid=2051
time="2026-10-07T22:20:59.145-04:00" level=info msg="All pages loaded" pid=2051
time="2026-10-07T22:20:59.249-04:00" level=info msg="RPC> gmail.Users.GetProfile(email=\"me\") => <nil> 141.375494ms" pid=2051
time="2026-10-07T22:20:59.277-04:00" level=info msg="RPC> gmail.Users.Messages.Get(email=\"me\" msgID=1a000d4f1d6bae55 level=metadata) => <nil> 131.227779ms" pid=2051
time="2026-10-07T22:20:59.280-04:00" level=info msg="RPC> gmail.Users.Messages.Get(email=\"me\" msgID=1967f7e7de6cce45 level=metadata) => <nil> 134.736075ms" pid=2051
time="2026-10-07T22:20:59.286-04:00" level=info msg="RPC> gmail.Users.Messages.Get(email=\"me\" msgID=1a0b6cc6c3e44b00 level=metadata) => <nil> 140.336597ms" pid=2051
time="2026-10-07T22:20:59.289-04:00" level=info msg="RPC> gmail.Users.Messages.Get(email=\"me\" msgID=1a00240d644e541e level=metadata) => <nil> 143.883158ms" pid=2051
time="2026-10-07T22:20:59.295-04:00" level=info msg="RPC> gmail.Users.Messages.Get(email=\"me\" msgID=1a0eab0d7a62f4ba level=metadata) => <nil> 149.741931ms" pid=2051
time="2026-10-07T22:20:59.296-04:00" level=info msg="RPC> gmail.Users.Messages.Get(email=\"me\" msgID=1a011601029a09f3 level=metadata) => <nil> 149.503016ms" pid=2051
time="2026-10-07T22:20:59.307-04:00" level=info msg="RPC> gmail.Users.Messages.Get(email=\"me\" msgID=19eef9cd592ec8cc level=metadata) => <nil> 162.131109ms" pid=2051
time="2026-10-07T22:20:59.308-04:00" level=info msg="RPC> gmail.Users.Messages.Get(email=\"me\" msgID=1a02638dcbe2ed73 level=metadata) => <nil> 162.532229ms" pid=2051
time="2026-10-07T22:20:59.312-04:00" level=info msg="RPC> gmail.Users.Messages.Get(email=\"me\" msgID=19e45b188196c458 level=metadata) => <nil> 164.737716ms" pid=2051
time="2026-10-07T22:20:59.328-04:00" level=info msg="RPC> gmail.Users.Messages.Get(email=\"me\" msgID=19fa4f228ecc9017 level=metadata) => <nil> 183.192949ms" pid=2051
time="2026-10-07T22:20:59.416-04:00" level=info msg="RPC> gmail.Users.Messages.Get(email=\"me\" msgID=19e26ccf969fa71f level=metadata) => <nil> 138.77102ms" pid=2051
time="2026-10-07T22:20:59.993-04:00" level=info msg="RPC> gmail.Users.Messages.List(email=\"me\" label=\"\") => enough message IDs listed 743.661766ms" pid=2051
time="2026-10-07T22:21:00.341-04:00" level=info msg="RPC> gmail.Users.Messages.List(email=\"me\" label=\"SENT\") => <nil> 347.85306ms" pid=2051
time="2026-10-07T22:21:00.342-04:00" level=info msg="Address scan: 2492 new messages to read, of 2492 listed (2000 newest, 697 newest sent)" pid=2051
time="2026-10-07T22:21:00.521-04:00" level=info msg="RPC> gmail.Users.Messages.Get(email=\"me\" id=\"1a119474fe3f865e\") => <nil> 138.236147ms" pid=2051
time="2026-10-07T22:21:00.555-04:00" level=info msg="RPC> gmail.Users.Messages.Get(email=\"me\" id=\"1a117ce6ab9d90af\") => <nil> 131.997951ms" pid=2051
time="2026-10-07T22:21:00.639-04:00" level=info msg="RPC> gmail.Users.Messages.Get(email=\"me\" id=\"1a112cd3b2007f56\") => <nil> 118.559136ms" pid=2051
time="2026-10-07T22:21:00.676-04:00" level=info msg="RPC> gmail.Users.Messages.Get(email=\"me\" id=\"1a112c577d9f9cae\") => <nil> 120.610381ms" pid=2051
time="2026-10-07T22:21:00.765-04:00" level=info msg="RPC> gmail.Users.Messages.Get(email=\"me\" id=\"1a109c8953aebe4c\") => <nil> 125.857899ms" pid=2051
time="2026-10-07T22:21:00.795-04:00" level=info msg="RPC> gmail.Users.Messages.Get(email=\"me\" id=\"1a0fe0a3cdff634a\") => <nil> 118.590734ms" pid=2051
time="2026-10-07T22:21:00.892-04:00" level=info msg="RPC> gmail.Users.Messages.Get(email=\"me\" id=\"1a0daf49a6dac78c\") => <nil> 126.699657ms" pid=2051
time="2026-10-07T22:21:00.921-04:00" level=info msg="RPC> gmail.Users.Messages.Get(email=\"me\" id=\"1a0da819aae2842a\") => <nil> 126.484494ms" pid=2051
time="2026-10-07T22:21:01.019-04:00" level=info msg="RPC> gmail.Users.Messages.Get(email=\"me\" id=\"1a0d93feb85f81d2\") => <nil> 126.913839ms" pid=2051
time="2026-10-07T22:21:01.050-04:00" level=info msg="RPC> gmail.Users.Messages.Get(email=\"me\" id=\"1a0d93ea308815aa\") => <nil> 128.333989ms" pid=2051
time="2026-10-07T22:21:01.145-04:00" level=info msg="RPC> gmail.Users.Messages.Get(email=\"me\" id=\"1a0d66867dc1f106\") => <nil> 125.722613ms" pid=2051
time="2026-10-07T22:21:01.176-04:00" level=info msg="RPC> gmail.Users.Messages.Get(email=\"me\" id=\"1a0d5f626fbe61da\") => <nil> 126.553577ms" pid=2051
time="2026-10-07T22:21:01.301-04:00" level=info msg="RPC> gmail.Users.Messages.Get(email=\"me\" id=\"1a0b9919849ed5f0\") => <nil> 124.166018ms" pid=2051
time="2026-10-07T22:21:01.433-04:00" level=info msg="RPC> gmail.Users.Messages.Get(email=\"me\" id=\"1a0a838fc4070e65\") => <nil> 132.621123ms" pid=2051
time="2026-10-07T22:21:01.631-04:00" level=info msg="RPC> gmail.Users.Messages.Get(email=\"me\" id=\"1a0a8126b6b5adf3\") => <nil> 197.220083ms" pid=2051
time="2026-10-07T22:21:01.835-04:00" level=info msg="RPC> gmail.Users.Messages.Get(email=\"me\" id=\"1a0a807226e68c79\") => <nil> 203.691452ms" pid=2051
time="2026-10-07T22:21:01.998-04:00" level=info msg="RPC> gmail.Users.Messages.Get(email=\"me\" id=\"1a0a7dd238f6aad5\") => <nil> 162.843789ms" pid=2051
time="2026-10-07T22:21:02.153-04:00" level=info msg="RPC> gmail.Users.Messages.Get(email=\"me\" id=\"1a0980e2ed8d2b85\") => <nil> 154.882514ms" pid=2051
time="2026-10-07T22:21:02.323-04:00" level=info msg="RPC> gmail.Users.Messages.Get(email=\"me\" id=\"1a0980de81cc950c\") => <nil> 169.672971ms" pid=2051
time="2026-10-07T22:21:02.402-04:00" level=info msg="Started window, pid 2136: [\"st\" \"-e\" \"/home/caleb/system/cmdg/cmdg\" \"-config=../../.cmdg/personal.conf\" \"-log=logs/window_timing.log\" \"-log_rpc=true\" \"-read=1a0eab0d7a62f4ba\" \"-window_file=/tmp/cmdg-window-2231820177.json\"]" pid=2051
time="2026-10-07T22:21:02.435-04:00" level=info msg="MessageListView got WINCH!" pid=2051
time="2026-10-07T22:21:02.441-04:00" level=info msg="cmdg 1.05 window, built from commit c5d95f25369ea02d7b2a4efe5c52ec100c0ea63c of 2026-10-08T02:16:56Z with uncommitted changes" pid=2137
time="2026-10-07T22:21:02.447-04:00" level=info msg="RPC> gmail.Users.Messages.Get(email=\"me\" id=\"1a096f7bbb82659e\") => <nil> 124.6259ms" pid=2051
time="2026-10-07T22:21:02.573-04:00" level=info msg="RPC> gmail.Users.Messages.Get(email=\"me\" id=\"1a09319300fcad8b\") => <nil> 125.277015ms" pid=2051
time="2026-10-07T22:21:02.685-04:00" level=info msg="RPC> oauth2.Token(expiry=2026-10-07T23:21:01-04:00) => <nil> 243.114174ms" pid=2137
time="2026-10-07T22:21:02.699-04:00" level=info msg="RPC> gmail.Users.Messages.Get(email=\"me\" id=\"1a092d4458f9b85a\") => <nil> 125.84803ms" pid=2051
time="2026-10-07T22:21:02.831-04:00" level=info msg="RPC> gmail.Users.Messages.Get(email=\"me\" id=\"1a086f25f777a277\") => <nil> 132.478706ms" pid=2051
time="2026-10-07T22:21:02.853-04:00" level=info msg="RPC> gmail.Users.Messages.Get(email=\"me\" id=\"1a0b9bff6e6aa0b1\") => <nil> 1.708022396s" pid=2051
time="2026-10-07T22:21:02.925-04:00" level=info msg="RPC> gmail.Users.Labels.List(email=\"me\") => <nil> 483.396782ms" pid=2137
time="2026-10-07T22:21:02.926-04:00" level=info msg="Loaded labels in 483.594145ms" pid=2137
time="2026-10-07T22:21:02.926-04:00" level=info msg="Starting keyboard input" pid=2137
time="2026-10-07T22:21:02.926-04:00" level=info msg="Running OpenMessageView" pid=2137
time="2026-10-07T22:21:02.931-04:00" level=info msg="RPC> gmail.Users.Messages.Get(email=\"me\" msgID=1a0eab0d7a62f4ba level=full) => <nil> 488.978654ms" pid=2137
time="2026-10-07T22:21:02.931-04:00" level=info msg="Message is type \"multipart/alternative\"" pid=2137
time="2026-10-07T22:21:02.967-04:00" level=info msg="RPC> gmail.Users.Messages.Get(email=\"me\" id=\"1a086112726eb2ab\") => <nil> 113.583439ms" pid=2051
time="2026-10-07T22:21:02.977-04:00" level=info msg="Rendered HTML in 45.414732ms" pid=2137
time="2026-10-07T22:21:02.977-04:00" level=info msg="Message is type \"multipart/alternative\"" pid=2137
time="2026-10-07T22:21:02.993-04:00" level=info msg="Rendered HTML in 16.589297ms" pid=2137
time="2026-10-07T22:21:02.993-04:00" level=info msg="Got full message in 67.181038ms" pid=2137
time="2026-10-07T22:21:02.993-04:00" level=info msg="Message arrived" pid=2137
time="2026-10-07T22:21:03.013-04:00" level=info msg="RPC> gmail.Users.Messages.Get(email=\"me\" id=\"1a086f22356d64c0\") => <nil> 174.53109ms" pid=2051
time="2026-10-07T22:21:03.083-04:00" level=info msg="RPC> gmail.Users.Messages.Get(email=\"me\" id=\"1a0846ca3bda609a\") => <nil> 116.369491ms" pid=2051
time="2026-10-07T22:21:03.153-04:00" level=info msg="RPC> gmail.Users.Messages.Get(email=\"me\" id=\"1a082e182ea41878\") => <nil> 139.866652ms" pid=2051
time="2026-10-07T22:21:03.210-04:00" level=info msg="RPC> gmail.Users.Messages.Get(email=\"me\" id=\"1a073d3ee96fe675\") => <nil> 126.703932ms" pid=2051
time="2026-10-07T22:21:03.258-04:00" level=info msg="RPC> gmail.Users.Messages.Get(email=\"me\" id=\"1a073d2f858e2503\") => <nil> 104.961525ms" pid=2051
time="2026-10-07T22:21:03.355-04:00" level=info msg="RPC> gmail.Users.Messages.Get(email=\"me\" id=\"1a06f47d3981a04a\") => <nil> 144.936458ms" pid=2051
time="2026-10-07T22:21:03.395-04:00" level=info msg="RPC> gmail.Users.Messages.Get(email=\"me\" id=\"1a0636a114f16507\") => <nil> 136.625846ms" pid=2051
time="2026-10-07T22:21:03.459-04:00" level=info msg="RPC> gmail.Users.Messages.Get(email=\"me\" id=\"1a0598f14134d375\") => <nil> 103.101087ms" pid=2051
time="2026-10-07T22:21:03.523-04:00" level=info msg="RPC> gmail.Users.Messages.Get(email=\"me\" id=\"1a0486918924798b\") => <nil> 128.200906ms" pid=2051
time="2026-10-07T22:21:03.596-04:00" level=info msg="RPC> gmail.Users.Messages.Get(email=\"me\" id=\"1a0410b95316660a\") => <nil> 136.959875ms" pid=2051
time="2026-10-07T22:21:03.663-04:00" level=info msg="RPC> gmail.Users.Messages.Get(email=\"me\" id=\"1a040e349bceb569\") => <nil> 139.507244ms" pid=2051
time="2026-10-07T22:21:03.715-04:00" level=info msg="RPC> gmail.Users.Messages.Get(email=\"me\" id=\"1a03b9de240fb416\") => <nil> 118.804374ms" pid=2051
time="2026-10-07T22:21:03.798-04:00" level=info msg="RPC> gmail.Users.Messages.Get(email=\"me\" id=\"1a03b7f445924e0f\") => <nil> 134.682128ms" pid=2051
time="2026-10-07T22:21:03.850-04:00" level=info msg="RPC> gmail.Users.Messages.Get(email=\"me\" id=\"1a02ef2b905d3abd\") => <nil> 135.236446ms" pid=2051
time="2026-10-07T22:21:03.946-04:00" level=info msg="RPC> gmail.Users.Messages.Get(email=\"me\" id=\"1a02a832d71de391\") => <nil> 148.387004ms" pid=2051
time="2026-10-07T22:21:04.006-04:00" level=info msg="RPC> gmail.Users.Messages.Get(email=\"me\" id=\"1a02a778360cb219\") => <nil> 155.645762ms" pid=2051
time="2026-10-07T22:21:04.071-04:00" level=info msg="RPC> gmail.Users.Messages.Get(email=\"me\" id=\"1a01420b07df0fa2\") => <nil> 124.463084ms" pid=2051
time="2026-10-07T22:21:04.132-04:00" level=info msg="RPC> gmail.Users.Messages.Get(email=\"me\" id=\"1a0119f244db1935\") => <nil> 126.064883ms" pid=2051
time="2026-10-07T22:21:04.195-04:00" level=info msg="RPC> gmail.Users.Messages.Get(email=\"me\" id=\"1a00e13373f7c39a\") => <nil> 124.034176ms" pid=2051
time="2026-10-07T22:21:04.265-04:00" level=info msg="RPC> gmail.Users.Messages.Get(email=\"me\" id=\"1a00ae2fe5b05deb\") => <nil> 132.435786ms" pid=2051
time="2026-10-07T22:21:04.351-04:00" level=info msg="RPC> gmail.Users.Messages.Get(email=\"me\" id=\"1a0071125acd1460\") => <nil> 156.03465ms" pid=2051
time="2026-10-07T22:21:04.363-04:00" level=info msg="RPC> gmail.Users.Messages.Get(email=\"me\" id=\"1a00710c848b71a5\") => <nil> 98.099916ms" pid=2051
time="2026-10-07T22:21:04.453-04:00" level=info msg="RPC> gmail.Users.Messages.Get(email=\"me\" id=\"1a0071034cc5acbe\") => <nil> 101.223335ms" pid=2051
time="2026-10-07T22:21:04.487-04:00" level=info msg="RPC> gmail.Users.Messages.Get(email=\"me\" id=\"1a006b631c52021f\") => <nil> 123.425381ms" pid=2051
time="2026-10-07T22:21:04.575-04:00" level=info msg="RPC> gmail.Users.Messages.Get(email=\"me\" id=\"1a0038c68b515319\") => <nil> 121.942259ms" pid=2051
time="2026-10-07T22:21:04.610-04:00" level=info msg="RPC> gmail.Users.Messages.Get(email=\"me\" id=\"1a0037de0a452338\") => <nil> 123.705101ms" pid=2051
time="2026-10-07T22:21:04.709-04:00" level=info msg="RPC> gmail.Users.Messages.Get(email=\"me\" id=\"1a0026d9c3a33dd9\") => <nil> 134.396993ms" pid=2051
time="2026-10-07T22:21:04.751-04:00" level=info msg="RPC> gmail.Users.Messages.Get(email=\"me\" id=\"1a0024023cf7f3fd\") => <nil> 140.42232ms" pid=2051
time="2026-10-07T22:21:04.842-04:00" level=info msg="RPC> gmail.Users.Messages.Get(email=\"me\" id=\"1a0023f83f244cdf\") => <nil> 132.470883ms" pid=2051
time="2026-10-07T22:21:04.847-04:00" level=info msg="RPC> gmail.Users.Messages.Get(email=\"me\" id=\"1a0023ef4977657c\") => <nil> 96.198189ms" pid=2051
time="2026-10-07T22:21:04.969-04:00" level=info msg="RPC> gmail.Users.Messages.Get(email=\"me\" id=\"1a0023e7ad9f2b39\") => <nil> 126.745764ms" pid=2051
time="2026-10-07T22:21:04.974-04:00" level=info msg="RPC> gmail.Users.Messages.Get(email=\"me\" id=\"1a001be08ab15a8a\") => <nil> 126.623071ms" pid=2051
time="2026-10-07T22:21:05.075-04:00" level=info msg="RPC> gmail.Users.Messages.Get(email=\"me\" id=\"1a001a2a4ce36b16\") => <nil> 106.11698ms" pid=2051
time="2026-10-07T22:21:05.100-04:00" level=info msg="RPC> gmail.Users.Messages.Get(email=\"me\" id=\"1a0018a3da246777\") => <nil> 125.523246ms" pid=2051
time="2026-10-07T22:21:05.168-04:00" level=info msg="RPC> gmail.Users.Messages.Get(email=\"me\" id=\"1a00124f6adb66f2\") => <nil> 93.073071ms" pid=2051
time="2026-10-07T22:21:05.227-04:00" level=info msg="RPC> gmail.Users.Messages.Get(email=\"me\" id=\"1a001097f1f88838\") => <nil> 127.589346ms" pid=2051
time="2026-10-07T22:21:05.290-04:00" level=info msg="RPC> gmail.Users.Messages.Get(email=\"me\" id=\"1a00105f5b50d067\") => <nil> 121.089639ms" pid=2051
time="2026-10-07T22:21:05.356-04:00" level=info msg="RPC> gmail.Users.Messages.Get(email=\"me\" id=\"1a000e795b150168\") => <nil> 128.771438ms" pid=2051
time="2026-10-07T22:21:05.413-04:00" level=info msg="RPC> gmail.Users.Messages.Get(email=\"me\" id=\"19ff401641008c5e\") => <nil> 122.985287ms" pid=2051
time="2026-10-07T22:21:05.488-04:00" level=info msg="RPC> gmail.Users.Messages.Get(email=\"me\" id=\"19ff3fd01b1041b3\") => <nil> 131.703345ms" pid=2051
time="2026-10-07T22:21:05.548-04:00" level=info msg="RPC> gmail.Users.Messages.Get(email=\"me\" id=\"19ff3f494091671b\") => <nil> 135.430084ms" pid=2051
time="2026-10-07T22:21:05.624-04:00" level=info msg="RPC> gmail.Users.Messages.Get(email=\"me\" id=\"19ff37f65fc35787\") => <nil> 136.01342ms" pid=2051
time="2026-10-07T22:21:05.679-04:00" level=info msg="RPC> gmail.Users.Messages.Get(email=\"me\" id=\"19ff294291fc06a7\") => <nil> 130.533153ms" pid=2051
time="2026-10-07T22:21:05.773-04:00" level=info msg="RPC> gmail.Users.Messages.Get(email=\"me\" id=\"19ff287b8b57af68\") => <nil> 149.081716ms" pid=2051
time="2026-10-07T22:21:05.809-04:00" level=info msg="RPC> gmail.Users.Messages.Get(email=\"me\" id=\"19fef06ff77a108e\") => <nil> 129.663198ms" pid=2051
time="2026-10-07T22:21:05.906-04:00" level=info msg="RPC> gmail.Users.Messages.Get(email=\"me\" id=\"19feefc5502e2ff7\") => <nil> 132.552974ms" pid=2051
time="2026-10-07T22:21:05.942-04:00" level=info msg="RPC> gmail.Users.Messages.Get(email=\"me\" id=\"19fe839f22a1a59e\") => <nil> 133.542025ms" pid=2051
time="2026-10-07T22:21:06.032-04:00" level=info msg="RPC> gmail.Users.Messages.Get(email=\"me\" id=\"19fe8181a75ab049\") => <nil> 125.862648ms" pid=2051
time="2026-10-07T22:21:06.070-04:00" level=info msg="RPC> gmail.Users.Messages.Get(email=\"me\" id=\"19fe8022bd8f7a5d\") => <nil> 127.470613ms" pid=2051
time="2026-10-07T22:21:06.155-04:00" level=info msg="RPC> gmail.Users.Messages.Get(email=\"me\" id=\"19fe17c6876055bd\") => <nil> 122.912872ms" pid=2051
time="2026-10-07T22:21:06.159-04:00" level=info msg="Stopping keyboard input" pid=2137
time="2026-10-07T22:21:06.209-04:00" level=info msg="Input loop told to stop" pid=2137
time="2026-10-07T22:21:06.209-04:00" level=info msg="Keyboard input stopped" pid=2137
time="2026-10-07T22:21:06.210-04:00" level=info msg="RPC> gmail.Users.Messages.Get(email=\"me\" id=\"19fdc923c748da21\") => <nil> 140.217087ms" pid=2051
time="2026-10-07T22:21:06.215-04:00" level=info msg="Window pid 2136 exited: <nil>, stderr \"\"" pid=2051
time="2026-10-07T22:21:06.220-04:00" level=info msg="MessageListView got WINCH!" pid=2051
time="2026-10-07T22:21:06.264-04:00" level=info msg="RPC> gmail.Users.Messages.Get(email=\"me\" id=\"19fdc91caef87f30\") => <nil> 108.613357ms" pid=2051
time="2026-10-07T22:21:06.324-04:00" level=info msg="RPC> gmail.Users.Messages.Get(email=\"me\" id=\"19fdc91294caf19a\") => <nil> 113.122644ms" pid=2051
time="2026-10-07T22:21:06.388-04:00" level=info msg="RPC> gmail.Users.Messages.Get(email=\"me\" id=\"19fca4bf0634a409\") => <nil> 123.774213ms" pid=2051
time="2026-10-07T22:21:06.440-04:00" level=info msg="RPC> gmail.Users.Messages.Get(email=\"me\" id=\"19fc7e2f8dfb84f3\") => <nil> 115.452617ms" pid=2051
time="2026-10-07T22:21:06.525-04:00" level=info msg="RPC> gmail.Users.Messages.Get(email=\"me\" id=\"19fc7b8e677731c0\") => <nil> 137.149027ms" pid=2051
time="2026-10-07T22:21:06.577-04:00" level=info msg="RPC> gmail.Users.Messages.Get(email=\"me\" id=\"19fc4360b133c675\") => <nil> 137.469426ms" pid=2051
time="2026-10-07T22:21:06.750-04:00" level=info msg="RPC> gmail.Users.Messages.Get(email=\"me\" id=\"19fb993e8f381718\") => <nil> 172.253292ms" pid=2051
time="2026-10-07T22:21:06.750-04:00" level=info msg="RPC> gmail.Users.Messages.Get(email=\"me\" id=\"19fc2a699067ce2c\") => <nil> 224.606923ms" pid=2051
time="2026-10-07T22:21:06.873-04:00" level=info msg="RPC> gmail.Users.Messages.Get(email=\"me\" id=\"19fb92bbf02cc2ec\") => <nil> 122.53288ms" pid=2051
time="2026-10-07T22:21:06.944-04:00" level=info msg="RPC> gmail.Users.Messages.Get(email=\"me\" id=\"19fb93035648aef2\") => <nil> 194.360829ms" pid=2051
time="2026-10-07T22:21:06.979-04:00" level=info msg="RPC> gmail.Users.Messages.Get(email=\"me\" id=\"19fb9296e3cc31c9\") => <nil> 106.501409ms" pid=2051
time="2026-10-07T22:21:07.078-04:00" level=info msg="RPC> gmail.Users.Messages.Get(email=\"me\" id=\"19fab9c5ce66cc73\") => <nil> 133.884349ms" pid=2051
time="2026-10-07T22:21:07.112-04:00" level=info msg="RPC> gmail.Users.Messages.Get(email=\"me\" id=\"19fab81b144fad66\") => <nil> 132.593782ms" pid=2051
time="2026-10-07T22:21:07.179-04:00" level=info msg="RPC> gmail.Users.Messages.Get(email=\"me\" id=\"19fa931aa066feab\") => <nil> 100.370172ms" pid=2051
time="2026-10-07T22:21:07.228-04:00" level=info msg="RPC> gmail.Users.Messages.Get(email=\"me\" id=\"19fa6cd4fd2035b5\") => <nil> 115.929588ms" pid=2051
time="2026-10-07T22:21:07.281-04:00" level=info msg="RPC> gmail.Users.Messages.Get(email=\"me\" id=\"19fa6c5a9bbd4f9c\") => <nil> 102.154493ms" pid=2051
time="2026-10-07T22:21:07.364-04:00" level=info msg="RPC> gmail.Users.Messages.Get(email=\"me\" id=\"19fa6c3d4524cac9\") => <nil> 135.430405ms" pid=2051
time="2026-10-07T22:21:07.409-04:00" level=info msg="RPC> gmail.Users.Messages.Get(email=\"me\" id=\"19f9c2df0b2e2956\") => <nil> 127.480949ms" pid=2051
time="2026-10-07T22:21:07.503-04:00" level=info msg="RPC> gmail.Users.Messages.Get(email=\"me\" id=\"19f944da611f0f47\") => <nil> 139.336386ms" pid=2051
time="2026-10-07T22:21:07.526-04:00" level=info msg="RPC> gmail.Users.Messages.Get(email=\"me\" id=\"19f8cc78962ef71c\") => <nil> 116.709831ms" pid=2051
time="2026-10-07T22:21:07.624-04:00" level=info msg="RPC> gmail.Users.Messages.Get(email=\"me\" id=\"19f84bb190a8154f\") => <nil> 120.323389ms" pid=2051
time="2026-10-07T22:21:07.630-04:00" level=info msg="RPC> gmail.Users.Messages.Get(email=\"me\" id=\"19f84bad5e6f8f0f\") => <nil> 103.579085ms" pid=2051
time="2026-10-07T22:21:07.722-04:00" level=info msg="RPC> gmail.Users.Messages.Get(email=\"me\" id=\"19f637cf217ca82e\") => <nil> 92.798776ms" pid=2051
time="2026-10-07T22:21:07.753-04:00" level=info msg="RPC> gmail.Users.Messages.Get(email=\"me\" id=\"19f637e533ba05eb\") => <nil> 129.483527ms" pid=2051
time="2026-10-07T22:21:07.828-04:00" level=info msg="RPC> gmail.Users.Messages.Get(email=\"me\" id=\"19f496024bf4f31a\") => <nil> 105.763564ms" pid=2051
time="2026-10-07T22:21:07.872-04:00" level=info msg="RPC> gmail.Users.Messages.Get(email=\"me\" id=\"19f3f63f5d39fa38\") => <nil> 119.191352ms" pid=2051
time="2026-10-07T22:21:07.963-04:00" level=info msg="RPC> gmail.Users.Messages.Get(email=\"me\" id=\"19f3a662eb722d2f\") => <nil> 135.008593ms" pid=2051
time="2026-10-07T22:21:08.001-04:00" level=info msg="RPC> gmail.Users.Messages.Get(email=\"me\" id=\"19f3a5646c10bb94\") => <nil> 128.337428ms" pid=2051
time="2026-10-07T22:21:08.021-04:00" level=info msg="Started window, pid 2241: [\"st\" \"-e\" \"/home/caleb/system/cmdg/cmdg\" \"-config=../../.cmdg/personal.conf\" \"-log=logs/window_timing.log\" \"-log_rpc=true\" \"-read=1a011601029a09f3\" \"-window_file=/tmp/cmdg-window-3796623958.json\"]" pid=2051
time="2026-10-07T22:21:08.083-04:00" level=info msg="MessageListView got WINCH!" pid=2051
time="2026-10-07T22:21:08.089-04:00" level=info msg="cmdg 1.05 window, built from commit c5d95f25369ea02d7b2a4efe5c52ec100c0ea63c of 2026-10-08T02:16:56Z with uncommitted changes" pid=2242
time="2026-10-07T22:21:08.103-04:00" level=info msg="RPC> gmail.Users.Messages.Get(email=\"me\" id=\"19f2e0bf9dce48e9\") => <nil> 139.303714ms" pid=2051
time="2026-10-07T22:21:08.130-04:00" level=info msg="RPC> gmail.Users.Messages.Get(email=\"me\" id=\"19f25b1ddd87b76f\") => <nil> 128.543447ms" pid=2051
time="2026-10-07T22:21:08.232-04:00" level=info msg="RPC> gmail.Users.Messages.Get(email=\"me\" id=\"19f1bb9bf01299a0\") => <nil> 129.365759ms" pid=2051
time="2026-10-07T22:21:08.245-04:00" level=info msg="RPC> gmail.Users.Messages.Get(email=\"me\" id=\"19f13b3b1330006f\") => <nil> 115.547369ms" pid=2051
time="2026-10-07T22:21:08.335-04:00" level=info msg="RPC> oauth2.Token(expiry=2026-10-07T23:21:07-04:00) => <nil> 244.868531ms" pid=2242
time="2026-10-07T22:21:08.347-04:00" level=info msg="RPC> gmail.Users.Messages.Get(email=\"me\" id=\"19f0c193a6406532\") => <nil> 114.756552ms" pid=2051
time="2026-10-07T22:21:08.350-04:00" level=info msg="RPC> gmail.Users.Messages.Get(email=\"me\" id=\"19f0b5717918619c\") => <nil> 104.706665ms" pid=2051
time="2026-10-07T22:21:08.443-04:00" level=info msg="RPC> gmail.Users.Messages.Get(email=\"me\" id=\"19eff7a6efb92b47\") => <nil> 95.826935ms" pid=2051
time="2026-10-07T22:21:08.470-04:00" level=info msg="RPC> gmail.Users.Messages.Get(email=\"me\" id=\"19efa18cc97c3977\") => <nil> 119.86371ms" pid=2051
time="2026-10-07T22:21:08.562-04:00" level=info msg="RPC> gmail.Users.Labels.List(email=\"me\") => <nil> 471.034514ms" pid=2242
time="2026-10-07T22:21:08.562-04:00" level=info msg="Loaded labels in 471.771411ms" pid=2242
time="2026-10-07T22:21:08.562-04:00" level=info msg="Starting keyboard input" pid=2242
time="2026-10-07T22:21:08.562-04:00" level=info msg="Running OpenMessageView" pid=2242
time="2026-10-07T22:21:08.566-04:00" level=info msg="RPC> gmail.Users.Messages.Get(email=\"me\" id=\"19ef57c2f2b501cf\") => <nil> 123.181797ms" pid=2051
time="2026-10-07T22:21:08.584-04:00" level=info msg="RPC> gmail.Users.Messages.Get(email=\"me\" msgID=1a011601029a09f3 level=full) => <nil> 493.751233ms" pid=2242
time="2026-10-07T22:21:08.584-04:00" level=info msg="Message is type \"multipart/alternative\"" pid=2242
time="2026-10-07T22:21:08.603-04:00" level=info msg="RPC> gmail.Users.Messages.Get(email=\"me\" id=\"19ef22e371f05699\") => <nil> 132.382541ms" pid=2051
time="2026-10-07T22:21:08.630-04:00" level=info msg="Rendered HTML in 45.499566ms" pid=2242
time="2026-10-07T22:21:08.630-04:00" level=info msg="Message is type \"multipart/alternative\"" pid=2242
time="2026-10-07T22:21:08.648-04:00" level=info msg="Rendered HTML in 17.645759ms" pid=2242
time="2026-10-07T22:21:08.648-04:00" level=info msg="Got full message in 85.272429ms" pid=2242
time="2026-10-07T22:21:08.648-04:00" level=info msg="Message arrived" pid=2242
time="2026-10-07T22:21:08.701-04:00" level=info msg="RPC> gmail.Users.Messages.Get(email=\"me\" id=\"19ecea44550ee362\") => <nil> 98.77149ms" pid=2051
time="2026-10-07T22:21:08.701-04:00" level=info msg="RPC> gmail.Users.Messages.Get(email=\"me\" id=\"19ee02f2db91ece5\") => <nil> 134.89536ms" pid=2051
time="2026-10-07T22:21:08.810-04:00" level=info msg="RPC> gmail.Users.Messages.Get(email=\"me\" id=\"19e942bc32c79a9c\") => <nil> 108.270707ms" pid=2051
time="2026-10-07T22:21:08.828-04:00" level=info msg="RPC> gmail.Users.Messages.Get(email=\"me\" id=\"19ec81cb8d630cc4\") => <nil> 126.690549ms" pid=2051
time="2026-10-07T22:21:08.887-04:00" level=info msg="History for 2307342 INBOX" pid=2051
time="2026-10-07T22:21:08.919-04:00" level=info msg="RPC> gmail.Users.Messages.Get(email=\"me\" id=\"19e942b38a2e745b\") => <nil> 109.333717ms" pid=2051
time="2026-10-07T22:21:08.958-04:00" level=info msg="RPC> gmail.Users.Messages.Get(email=\"me\" id=\"19e6ba1700056924\") => <nil> 129.436407ms" pid=2051
time="2026-10-07T22:21:09.007-04:00" level=info msg="RPC> gmail.Users.History.List(email=\"me\" historyID=2307342 labelID=\"INBOX\") => <nil> 120.574142ms" pid=2051
time="2026-10-07T22:21:09.007-04:00" level=info msg="No history since last check" pid=2051
time="2026-10-07T22:21:09.007-04:00" level=info msg="History check took 120.962196ms" pid=2051
time="2026-10-07T22:21:09.056-04:00" level=info msg="RPC> gmail.Users.Messages.Get(email=\"me\" id=\"19e6b9fc64e8b58e\") => <nil> 136.327595ms" pid=2051
time="2026-10-07T22:21:09.114-04:00" level=info msg="RPC> gmail.Users.Messages.Get(email=\"me\" id=\"19e6b9f14f15c54d\") => <nil> 155.595289ms" pid=2051
time="2026-10-07T22:21:09.183-04:00" level=info msg="RPC> gmail.Users.Messages.Get(email=\"me\" id=\"19e65de1269441c8\") => <nil> 127.197041ms" pid=2051
time="2026-10-07T22:21:09.237-04:00" level=info msg="RPC> gmail.Users.Messages.Get(email=\"me\" id=\"19e61254b9e800d9\") => <nil> 123.092296ms" pid=2051
time="2026-10-07T22:21:09.285-04:00" level=info msg="RPC> gmail.Users.Messages.Get(email=\"me\" id=\"19e4fdc99812c15b\") => <nil> 102.063772ms" pid=2051
time="2026-10-07T22:21:09.371-04:00" level=info msg="RPC> gmail.Users.Messages.Get(email=\"me\" id=\"19e3c5b0a4272d03\") => <nil> 133.569824ms" pid=2051
time="2026-10-07T22:21:09.381-04:00" level=info msg="RPC> gmail.Users.Messages.Get(email=\"me\" id=\"19e17d89646e0464\") => <nil> 95.499198ms" pid=2051
time="2026-10-07T22:21:09.514-04:00" level=info msg="RPC> gmail.Users.Messages.Get(email=\"me\" id=\"19def96b3d9225e9\") => <nil> 132.488412ms" pid=2051
time="2026-10-07T22:21:09.514-04:00" level=info msg="RPC> gmail.Users.Messages.Get(email=\"me\" id=\"19dff724831934b5\") => <nil> 142.982508ms" pid=2051
time="2026-10-07T22:21:09.614-04:00" level=info msg="RPC> gmail.Users.Messages.Get(email=\"me\" id=\"19dd59a79f550fe3\") => <nil> 99.763253ms" pid=2051
time="2026-10-07T22:21:09.645-04:00" level=info msg="RPC> gmail.Users.Messages.Get(email=\"me\" id=\"19ddecb0cb84ebbf\") => <nil> 131.420097ms" pid=2051
time="2026-10-07T22:21:09.752-04:00" level=info msg="RPC> gmail.Users.Messages.Get(email=\"me\" id=\"19dc5f1dbbeb14e9\") => <nil> 138.434849ms" pid=2051
time="2026-10-07T22:21:09.790-04:00" level=info msg="RPC> gmail.Users.Messages.Get(email=\"me\" id=\"19db7a230ed6cdae\") => <nil> 144.574603ms" pid=2051
time="2026-10-07T22:21:09.877-04:00" level=info msg="RPC> gmail.Users.Messages.Get(email=\"me\" id=\"19dad8d4809ed80a\") => <nil> 124.526084ms" pid=2051
time="2026-10-07T22:21:09.925-04:00" level=info msg="RPC> gmail.Users.Messages.Get(email=\"me\" id=\"19da3f5713086f78\") => <nil> 134.75827ms" pid=2051
time="2026-10-07T22:21:10.005-04:00" level=info msg="RPC> gmail.Users.Messages.Get(email=\"me\" id=\"19da3f52a71c9972\") => <nil> 128.068835ms" pid=2051
time="2026-10-07T22:21:10.062-04:00" level=info msg="RPC> gmail.Users.Messages.Get(email=\"me\" id=\"19d943453014bd2b\") => <nil> 137.141001ms" pid=2051
time="2026-10-07T22:21:10.133-04:00" level=info msg="RPC> gmail.Users.Messages.Get(email=\"me\" id=\"19d9433b44d01ab5\") => <nil> 127.964226ms" pid=2051
time="2026-10-07T22:21:10.196-04:00" level=info msg="RPC> gmail.Users.Messages.Get(email=\"me\" id=\"19d921fda1aed718\") => <nil> 134.216684ms" pid=2051
time="2026-10-07T22:21:10.225-04:00" level=info msg="RPC> gmail.Users.Messages.Get(email=\"me\" id=\"19d8e65efcdf78c7\") => <nil> 91.887081ms" pid=2051
time="2026-10-07T22:21:10.331-04:00" level=info msg="RPC> gmail.Users.Messages.Get(email=\"me\" id=\"19d8433c75583e3d\") => <nil> 134.243782ms" pid=2051
time="2026-10-07T22:21:10.368-04:00" level=info msg="RPC> gmail.Users.Messages.Get(email=\"me\" id=\"19d842da901b5d04\") => <nil> 142.966617ms" pid=2051
time="2026-10-07T22:21:10.464-04:00" level=info msg="RPC> gmail.Users.Messages.Get(email=\"me\" id=\"19d8428ac8e17c13\") => <nil> 132.653532ms" pid=2051
time="2026-10-07T22:21:10.512-04:00" level=info msg="RPC> gmail.Users.Messages.Get(email=\"me\" id=\"19d7885cb3b5a182\") => <nil> 143.065661ms" pid=2051
time="2026-10-07T22:21:10.604-04:00" level=info msg="RPC> gmail.Users.Messages.Get(email=\"me\" id=\"19d72c4cf50a04eb\") => <nil> 140.640209ms" pid=2051
time="2026-10-07T22:21:10.640-04:00" level=info msg="RPC> gmail.Users.Messages.Get(email=\"me\" id=\"19d2b27ea39d20b6\") => <nil> 127.938418ms" pid=2051
time="2026-10-07T22:21:10.735-04:00" level=info msg="RPC> gmail.Users.Messages.Get(email=\"me\" id=\"19d2227c2ea1ad10\") => <nil> 130.181384ms" pid=2051
time="2026-10-07T22:21:10.773-04:00" level=info msg="RPC> gmail.Users.Messages.Get(email=\"me\" id=\"19d22259b1c434af\") => <nil> 132.992528ms" pid=2051
time="2026-10-07T22:21:10.891-04:00" level=info msg="RPC> gmail.Users.Messages.Get(email=\"me\" id=\"19d21ec5b8975da4\") => <nil> 156.121814ms" pid=2051
time="2026-10-07T22:21:10.896-04:00" level=info msg="RPC> gmail.Users.Messages.Get(email=\"me\" id=\"19d213413536c8c5\") => <nil> 123.038597ms" pid=2051
time="2026-10-07T22:21:11.015-04:00" level=info msg="RPC> gmail.Users.Messages.Get(email=\"me\" id=\"19d083fc49701030\") => <nil> 118.497808ms" pid=2051
time="2026-10-07T22:21:11.022-04:00" level=info msg="RPC> gmail.Users.Messages.Get(email=\"me\" id=\"19d17ebd31ca65de\") => <nil> 130.355607ms" pid=2051
time="2026-10-07T22:21:11.128-04:00" level=info msg="RPC> gmail.Users.Messages.Get(email=\"me\" id=\"19cf75fa712c9cf9\") => <nil> 112.887891ms" pid=2051
time="2026-10-07T22:21:11.146-04:00" level=info msg="RPC> gmail.Users.Messages.Get(email=\"me\" id=\"19cb4676e6ec6bb4\") => <nil> 124.134187ms" pid=2051
time="2026-10-07T22:21:11.247-04:00" level=info msg="RPC> gmail.Users.Messages.Get(email=\"me\" id=\"19c92c3a6f20643b\") => <nil> 101.345032ms" pid=2051
time="2026-10-07T22:21:11.256-04:00" level=info msg="RPC> gmail.Users.Messages.Get(email=\"me\" id=\"19ca948bb0da6e19\") => <nil> 128.199123ms" pid=2051
time="2026-10-07T22:21:11.375-04:00" level=info msg="RPC> gmail.Users.Messages.Get(email=\"me\" id=\"19c92428b716029e\") => <nil> 127.493067ms" pid=2051
time="2026-10-07T22:21:11.386-04:00" level=info msg="RPC> gmail.Users.Messages.Get(email=\"me\" id=\"19c923bed6fb86ab\") => <nil> 129.539527ms" pid=2051
time="2026-10-07T22:21:11.494-04:00" level=info msg="RPC> gmail.Users.Messages.Get(email=\"me\" id=\"19c8c9c70c5b063c\") => <nil> 118.826817ms" pid=2051
time="2026-10-07T22:21:11.513-04:00" level=info msg="RPC> gmail.Users.Messages.Get(email=\"me\" id=\"19c8329982fd463a\") => <nil> 126.948564ms" pid=2051
time="2026-10-07T22:21:11.621-04:00" level=info msg="RPC> gmail.Users.Messages.Get(email=\"me\" id=\"19c6722ee00d2f64\") => <nil> 127.339756ms" pid=2051
time="2026-10-07T22:21:11.665-04:00" level=info msg="RPC> gmail.Users.Messages.Get(email=\"me\" id=\"19c672138e6da7d8\") => <nil> 152.060416ms" pid=2051
time="2026-10-07T22:21:11.755-04:00" level=info msg="RPC> gmail.Users.Messages.Get(email=\"me\" id=\"19c61d531b1727d1\") => <nil> 133.064588ms" pid=2051
time="2026-10-07T22:21:11.763-04:00" level=info msg="RPC> gmail.Users.Messages.Get(email=\"me\" id=\"19c54d76faad7680\") => <nil> 97.938336ms" pid=2051
time="2026-10-07T22:21:11.898-04:00" level=info msg="RPC> gmail.Users.Messages.Get(email=\"me\" id=\"19c52510723c7e47\") => <nil> 143.470585ms" pid=2051
time="2026-10-07T22:21:11.899-04:00" level=info msg="RPC> gmail.Users.Messages.Get(email=\"me\" id=\"19c4ac067ecfbce3\") => <nil> 135.96033ms" pid=2051
time="2026-10-07T22:21:12.027-04:00" level=info msg="RPC> gmail.Users.Messages.Get(email=\"me\" id=\"19c39763d53b2d2f\") => <nil> 127.496773ms" pid=2051
time="2026-10-07T22:21:12.037-04:00" level=info msg="RPC> gmail.Users.Messages.Get(email=\"me\" id=\"19c40558d37250bd\") => <nil> 138.886956ms" pid=2051
time="2026-10-07T22:21:12.120-04:00" level=info msg="RPC> gmail.Users.Messages.Get(email=\"me\" id=\"19bffac1a1c416a9\") => <nil> 92.748374ms" pid=2051
time="2026-10-07T22:21:12.143-04:00" level=info msg="RPC> gmail.Users.Messages.Get(email=\"me\" id=\"19bf7503c982615c\") => <nil> 105.889403ms" pid=2051
time="2026-10-07T22:21:12.240-04:00" level=info msg="RPC> gmail.Users.Messages.Get(email=\"me\" id=\"19be879659360015\") => <nil> 96.430351ms" pid=2051
time="2026-10-07T22:21:12.240-04:00" level=info msg="RPC> gmail.Users.Messages.Get(email=\"me\" id=\"19bf5d8ea1aa8690\") => <nil> 120.144753ms" pid=2051
time="2026-10-07T22:21:12.347-04:00" level=info msg="RPC> gmail.Users.Messages.Get(email=\"me\" id=\"19be30de537dacb7\") => <nil> 107.197922ms" pid=2051
time="2026-10-07T22:21:12.349-04:00" level=info msg="RPC> gmail.Users.Messages.Get(email=\"me\" id=\"19bcd7d6f1e49e9a\") => <nil> 108.36033ms" pid=2051
time="2026-10-07T22:21:12.476-04:00" level=info msg="RPC> gmail.Users.Messages.Get(email=\"me\" id=\"19bcd29920699afd\") => <nil> 128.968859ms" pid=2051
time="2026-10-07T22:21:12.484-04:00" level=info msg="RPC> gmail.Users.Messages.Get(email=\"me\" id=\"19bb8b4aa156e41f\") => <nil> 134.951289ms" pid=2051
time="2026-10-07T22:21:12.491-04:00" level=info msg="Stopping keyboard input" pid=2242
time="2026-10-07T22:21:12.541-04:00" level=info msg="Input loop told to stop" pid=2242
time="2026-10-07T22:21:12.541-04:00" level=info msg="Keyboard input stopped" pid=2242
time="2026-10-07T22:21:12.547-04:00" level=info msg="Window pid 2241 exited: <nil>, stderr \"\"" pid=2051
time="2026-10-07T22:21:12.552-04:00" level=info msg="MessageListView got WINCH!" pid=2051
time="2026-10-07T22:21:12.580-04:00" level=info msg="RPC> gmail.Users.Messages.Get(email=\"me\" id=\"19b895e979650d60\") => <nil> 103.404549ms" pid=2051
time="2026-10-07T22:21:12.605-04:00" level=info msg="RPC> gmail.Users.Messages.Get(email=\"me\" id=\"19b72bfa7f89dce7\") => <nil> 121.220222ms" pid=2051
time="2026-10-07T22:21:12.736-04:00" level=info msg="RPC> gmail.Users.Messages.Get(email=\"me\" id=\"19b5831492f33f61\") => <nil> 130.970823ms" pid=2051
time="2026-10-07T22:21:12.893-04:00" level=info msg="RPC> gmail.Users.Messages.Get(email=\"me\" id=\"19b0d78df2678e5e\") => <nil> 156.484657ms" pid=2051
time="2026-10-07T22:21:13.041-04:00" level=info msg="RPC> gmail.Users.Messages.Get(email=\"me\" id=\"19afc654135971ed\") => <nil> 148.258621ms" pid=2051
time="2026-10-07T22:21:13.187-04:00" level=info msg="RPC> gmail.Users.Messages.Get(email=\"me\" id=\"19afc6437457adba\") => <nil> 145.385994ms" pid=2051
time="2026-10-07T22:21:13.318-04:00" level=info msg="RPC> gmail.Users.Messages.Get(email=\"me\" id=\"19afc63302016c3f\") => <nil> 130.884868ms" pid=2051
time="2026-10-07T22:21:13.457-04:00" level=info msg="RPC> gmail.Users.Messages.Get(email=\"me\" id=\"19ae762a192fa4b5\") => <nil> 139.677018ms" pid=2051
time="2026-10-07T22:21:13.576-04:00" level=info msg="RPC> gmail.Users.Messages.Get(email=\"me\" id=\"19ae23acf3525961\") => <nil> 118.515585ms" pid=2051
time="2026-10-07T22:21:13.816-04:00" level=info msg="RPC> gmail.Users.Messages.Get(email=\"me\" id=\"19ae02517c19a6bc\") => <nil> 239.507921ms" pid=2051
time="2026-10-07T22:21:13.816-04:00" level=info msg="RPC> gmail.Users.Messages.Get(email=\"me\" id=\"19b7249894f7667c\") => <nil> 1.235881721s" pid=2051
time="2026-10-07T22:21:13.902-04:00" level=info msg="RPC> gmail.Users.Messages.Get(email=\"me\" id=\"19aaeb10ec1fd6a2\") => <nil> 85.585389ms" pid=2051
time="2026-10-07T22:21:13.951-04:00" level=info msg="RPC> gmail.Users.Messages.Get(email=\"me\" id=\"19a85d4fa4d385b6\") => <nil> 134.416364ms" pid=2051
time="2026-10-07T22:21:14.037-04:00" level=info msg="RPC> gmail.Users.Messages.Get(email=\"me\" id=\"19a85d372016f288\") => <nil> 135.078987ms" pid=2051
time="2026-10-07T22:21:14.072-04:00" level=info msg="RPC> gmail.Users.Messages.Get(email=\"me\" id=\"19a794c3a38788a4\") => <nil> 121.134493ms" pid=2051
time="2026-10-07T22:21:14.158-04:00" level=info msg="RPC> gmail.Users.Messages.Get(email=\"me\" id=\"19a7946b995d8780\") => <nil> 121.092522ms" pid=2051
time="2026-10-07T22:21:14.198-04:00" level=info msg="RPC> gmail.Users.Messages.Get(email=\"me\" id=\"19a4b7fe56edcd18\") => <nil> 126.250759ms" pid=2051
time="2026-10-07T22:21:14.257-04:00" level=info msg="Started window, pid 2353: [\"st\" \"-e\" \"/home/caleb/system/cmdg/cmdg\" \"-config=../../.cmdg/personal.conf\" \"-log=logs/window_timing.log\" \"-log_rpc=true\" \"-read=19fa4f228ecc9017\" \"-window_file=/tmp/cmdg-window-3911380848.json\"]" pid=2051
time="2026-10-07T22:21:14.263-04:00" level=info msg="RPC> gmail.Users.Messages.Get(email=\"me\" id=\"19a35343e2d3ddeb\") => <nil> 105.099426ms" pid=2051
time="2026-10-07T22:21:14.296-04:00" level=info msg="MessageListView got WINCH!" pid=2051
time="2026-10-07T22:21:14.304-04:00" level=info msg="cmdg 1.05 window, built from commit c5d95f25369ea02d7b2a4efe5c52ec100c0ea63c of 2026-10-08T02:16:56Z with uncommitted changes" pid=2354
time="2026-10-07T22:21:14.307-04:00" level=info msg="RPC> gmail.Users.Messages.Get(email=\"me\" id=\"19a34fe20e766329\") => <nil> 108.443438ms" pid=2051
time="2026-10-07T22:21:14.397-04:00" level=info msg="RPC> gmail.Users.Messages.Get(email=\"me\" id=\"19a3065c80eb219b\") => <nil> 133.739542ms" pid=2051
time="2026-10-07T22:21:14.436-04:00" level=info msg="RPC> gmail.Users.Messages.Get(email=\"me\" id=\"19a2c937c29c6b13\") => <nil> 128.595577ms" pid=2051
time="2026-10-07T22:21:14.500-04:00" level=info msg="RPC> gmail.Users.Messages.Get(email=\"me\" id=\"19a286e4cbfb6f62\") => <nil> 102.839398ms" pid=2051
time="2026-10-07T22:21:14.518-04:00" level=info msg="RPC> oauth2.Token(expiry=2026-10-07T23:21:13-04:00) => <nil> 213.319896ms" pid=2354
time="2026-10-07T22:21:14.540-04:00" level=info msg="RPC> gmail.Users.Messages.Get(email=\"me\" id=\"19a28677cf3f12bf\") => <nil> 104.032995ms" pid=2051
time="2026-10-07T22:21:14.630-04:00" level=info msg="RPC> gmail.Users.Messages.Get(email=\"me\" id=\"19a0975107a4dfbf\") => <nil> 129.799752ms" pid=2051
time="2026-10-07T22:21:14.671-04:00" level=info msg="RPC> gmail.Users.Messages.Get(email=\"me\" id=\"199f8f8d60a80e86\") => <nil> 131.154655ms" pid=2051
time="2026-10-07T22:21:14.736-04:00" level=info msg="RPC> gmail.Users.Labels.List(email=\"me\") => <nil> 431.934014ms" pid=2354
time="2026-10-07T22:21:14.736-04:00" level=info msg="Loaded labels in 432.028619ms" pid=2354
time="2026-10-07T22:21:14.737-04:00" level=info msg="Starting keyboard input" pid=2354
time="2026-10-07T22:21:14.737-04:00" level=info msg="Running OpenMessageView" pid=2354
time="2026-10-07T22:21:14.753-04:00" level=info msg="RPC> gmail.Users.Messages.Get(email=\"me\" msgID=19fa4f228ecc9017 level=full) => <nil> 448.117502ms" pid=2354
time="2026-10-07T22:21:14.753-04:00" level=info msg="Single part body of type \"text/html\" with input len 59548" pid=2354
time="2026-10-07T22:21:14.755-04:00" level=info msg="RPC> gmail.Users.Messages.Get(email=\"me\" id=\"199f8f4fad35512d\") => <nil> 124.966658ms" pid=2051
time="2026-10-07T22:21:14.796-04:00" level=info msg="RPC> gmail.Users.Messages.Get(email=\"me\" id=\"199f3b6ec89824f0\") => <nil> 124.596217ms" pid=2051
time="2026-10-07T22:21:14.808-04:00" level=info msg="Rendered HTML in 44.431135ms" pid=2354
time="2026-10-07T22:21:14.808-04:00" level=info msg="Single part body of type \"text/html\" with input len 59548" pid=2354
time="2026-10-07T22:21:14.827-04:00" level=info msg="Rendered HTML in 16.313997ms" pid=2354
time="2026-10-07T22:21:14.827-04:00" level=info msg="Got full message in 90.408962ms" pid=2354
time="2026-10-07T22:21:14.827-04:00" level=info msg="Message arrived" pid=2354
time="2026-10-07T22:21:14.885-04:00" level=info msg="RPC> gmail.Users.Messages.Get(email=\"me\" id=\"199e89c164e31a30\") => <nil> 129.440563ms" pid=2051
time="2026-10-07T22:21:14.932-04:00" level=info msg="RPC> gmail.Users.Messages.Get(email=\"me\" id=\"199de9bcac220e5e\") => <nil> 136.069029ms" pid=2051
time="2026-10-07T22:21:14.980-04:00" level=info msg="RPC> gmail.Users.Messages.Get(email=\"me\" id=\"199de55084aaad3d\") => <nil> 94.92699ms" pid=2051
time="2026-10-07T22:21:15.034-04:00" level=info msg="RPC> gmail.Users.Messages.Get(email=\"me\" id=\"199de5320b888eea\") => <nil> 101.523172ms" pid=2051
time="2026-10-07T22:21:15.106-04:00" level=info msg="RPC> gmail.Users.Messages.Get(email=\"me\" id=\"199de475f02bfc0c\") => <nil> 126.474953ms" pid=2051
time="2026-10-07T22:21:15.158-04:00" level=info msg="RPC> gmail.Users.Messages.Get(email=\"me\" id=\"19979618b25d32dd\") => <nil> 124.537294ms" pid=2051
time="2026-10-07T22:21:15.237-04:00" level=info msg="RPC> gmail.Users.Messages.Get(email=\"me\" id=\"1995d102eee2eda1\") => <nil> 130.513731ms" pid=2051
time="2026-10-07T22:21:15.248-04:00" level=info msg="RPC> gmail.Users.Messages.Get(email=\"me\" id=\"19944932d22183b2\") => <nil> 89.873778ms" pid=2051
time="2026-10-07T22:21:15.355-04:00" level=info msg="RPC> gmail.Users.Messages.Get(email=\"me\" id=\"1993dc94a20fafa7\") => <nil> 106.691815ms" pid=2051
time="2026-10-07T22:21:15.365-04:00" level=info msg="RPC> gmail.Users.Messages.Get(email=\"me\" id=\"1994486bef4b8813\") => <nil> 128.160354ms" pid=2051
time="2026-10-07T22:21:15.451-04:00" level=info msg="RPC> gmail.Users.Messages.Get(email=\"me\" id=\"199341984c19c910\") => <nil> 95.661518ms" pid=2051
time="2026-10-07T22:21:15.457-04:00" level=info msg="RPC> gmail.Users.Messages.Get(email=\"me\" id=\"199176460a4a735d\") => <nil> 92.011844ms" pid=2051
time="2026-10-07T22:21:15.549-04:00" level=info msg="RPC> gmail.Users.Messages.Get(email=\"me\" id=\"1990841ee15b6a10\") => <nil> 97.627598ms" pid=2051
time="2026-10-07T22:21:15.560-04:00" level=info msg="RPC> gmail.Users.Messages.Get(email=\"me\" id=\"1990098a28b475ca\") => <nil> 102.307089ms" pid=2051
time="2026-10-07T22:21:15.652-04:00" level=info msg="RPC> gmail.Users.Messages.Get(email=\"me\" id=\"198fcf2cd63139aa\") => <nil> 103.064326ms" pid=2051
time="2026-10-07T22:21:15.685-04:00" level=info msg="RPC> gmail.Users.Messages.Get(email=\"me\" id=\"198e2aee80d51d6a\") => <nil> 125.427008ms" pid=2051
time="2026-10-07T22:21:15.762-04:00" level=info msg="RPC> gmail.Users.Messages.Get(email=\"me\" id=\"198be2f32cb8221e\") => <nil> 109.672459ms" pid=2051
time="2026-10-07T22:21:15.808-04:00" level=info msg="RPC> gmail.Users.Messages.Get(email=\"me\" id=\"198bd914a26477d8\") => <nil> 122.910387ms" pid=2051
time="2026-10-07T22:21:15.888-04:00" level=info msg="RPC> gmail.Users.Messages.Get(email=\"me\" id=\"198a437b77494f21\") => <nil> 125.887794ms" pid=2051
time="2026-10-07T22:21:16.003-04:00" level=info msg="RPC> gmail.Users.Messages.Get(email=\"me\" id=\"1988f0aeb9527030\") => <nil> 115.122445ms" pid=2051
time="2026-10-07T22:21:16.043-04:00" level=info msg="RPC> gmail.Users.Messages.Get(email=\"me\" id=\"1989f12f0367d72b\") => <nil> 234.843759ms" pid=2051
time="2026-10-07T22:21:16.116-04:00" level=info msg="RPC> gmail.Users.Messages.Get(email=\"me\" id=\"1987f525f4b7a629\") => <nil> 112.746537ms" pid=2051
time="2026-10-07T22:21:16.165-04:00" level=info msg="RPC> gmail.Users.Messages.Get(email=\"me\" id=\"1987a75a6627cdc7\") => <nil> 121.922801ms" pid=2051
time="2026-10-07T22:21:16.215-04:00" level=info msg="RPC> gmail.Users.Messages.Get(email=\"me\" id=\"19877cb8be7ac341\") => <nil> 98.814066ms" pid=2051
time="2026-10-07T22:21:16.304-04:00" level=info msg="RPC> gmail.Users.Messages.Get(email=\"me\" id=\"1987699be550d8fe\") => <nil> 138.488057ms" pid=2051
time="2026-10-07T22:21:16.315-04:00" level=info msg="RPC> gmail.Users.Messages.Get(email=\"me\" id=\"198768bb59805266\") => <nil> 100.115127ms" pid=2051
time="2026-10-07T22:21:16.396-04:00" level=info msg="RPC> gmail.Users.Messages.Get(email=\"me\" id=\"1986ccdf7cb32c6d\") => <nil> 92.254457ms" pid=2051
time="2026-10-07T22:21:16.413-04:00" level=info msg="RPC> gmail.Users.Messages.Get(email=\"me\" id=\"1986cc5a31376e1e\") => <nil> 97.563231ms" pid=2051
time="2026-10-07T22:21:16.505-04:00" level=info msg="RPC> gmail.Users.Messages.Get(email=\"me\" id=\"19853938d44e86d5\") => <nil> 91.774598ms" pid=2051
time="2026-10-07T22:21:16.521-04:00" level=info msg="RPC> gmail.Users.Messages.Get(email=\"me\" id=\"1986cc23f1fa1c31\") => <nil> 123.954605ms" pid=2051
time="2026-10-07T22:21:16.640-04:00" level=info msg="RPC> gmail.Users.Messages.Get(email=\"me\" id=\"19842cea008ffb45\") => <nil> 134.98271ms" pid=2051
time="2026-10-07T22:21:16.653-04:00" level=info msg="RPC> gmail.Users.Messages.Get(email=\"me\" id=\"1983589e7ef6eaec\") => <nil> 131.866113ms" pid=2051
time="2026-10-07T22:21:16.773-04:00" level=info msg="RPC> gmail.Users.Messages.Get(email=\"me\" id=\"197f63fdee7603db\") => <nil> 119.912002ms" pid=2051
time="2026-10-07T22:21:16.777-04:00" level=info msg="RPC> gmail.Users.Messages.Get(email=\"me\" id=\"197fab8900be1d30\") => <nil> 137.389164ms" pid=2051
time="2026-10-07T22:21:16.900-04:00" level=info msg="RPC> gmail.Users.Messages.Get(email=\"me\" id=\"197f5bc62e7a513e\") => <nil> 126.963356ms" pid=2051
time="2026-10-07T22:21:16.976-04:00" level=info msg="RPC> gmail.Users.Messages.Get(email=\"me\" id=\"197dce5beeafa615\") => <nil> 198.944347ms" pid=2051
time="2026-10-07T22:21:16.993-04:00" level=info msg="RPC> gmail.Users.Messages.Get(email=\"me\" id=\"197d7bba4a21ad83\") => <nil> 92.568557ms" pid=2051
time="2026-10-07T22:21:17.078-04:00" level=info msg="RPC> gmail.Users.Messages.Get(email=\"me\" id=\"197a004e9c887973\") => <nil> 101.778085ms" pid=2051
time="2026-10-07T22:21:17.089-04:00" level=info msg="RPC> gmail.Users.Messages.Get(email=\"me\" id=\"1979ad27afbfc70a\") => <nil> 96.417703ms" pid=2051
time="2026-10-07T22:21:17.183-04:00" level=info msg="RPC> gmail.Users.Messages.Get(email=\"me\" id=\"1979996870885497\") => <nil> 93.366917ms" pid=2051
time="2026-10-07T22:21:17.198-04:00" level=info msg="RPC> gmail.Users.Messages.Get(email=\"me\" id=\"1979a7b93debea94\") => <nil> 119.228354ms" pid=2051
time="2026-10-07T22:21:17.289-04:00" level=info msg="RPC> gmail.Users.Messages.Get(email=\"me\" id=\"1979989b0c19e2d4\") => <nil> 106.227494ms" pid=2051
time="2026-10-07T22:21:17.329-04:00" level=info msg="RPC> gmail.Users.Messages.Get(email=\"me\" id=\"197860f71e4a6280\") => <nil> 131.047408ms" pid=2051
time="2026-10-07T22:21:17.394-04:00" level=info msg="RPC> gmail.Users.Messages.Get(email=\"me\" id=\"19785da7ba4408e7\") => <nil> 104.878583ms" pid=2051
time="2026-10-07T22:21:17.458-04:00" level=info msg="RPC> gmail.Users.Messages.Get(email=\"me\" id=\"19765894b2be6b3a\") => <nil> 129.340975ms" pid=2051
time="2026-10-07T22:21:17.525-04:00" level=info msg="RPC> gmail.Users.Messages.Get(email=\"me\" id=\"1975fbfbeceec245\") => <nil> 130.333046ms" pid=2051
time="2026-10-07T22:21:17.551-04:00" level=info msg="RPC> gmail.Users.Messages.Get(email=\"me\" id=\"19745e123cf94cf0\") => <nil> 92.429187ms" pid=2051
time="2026-10-07T22:21:17.558-04:00" level=info msg="Address scan: 250 of 2492 new messages done, 0 of them failed; read 250 messages in all, back to 2025-06-06, dating 80 addresses" pid=2051
time="2026-10-07T22:21:17.705-04:00" level=info msg="RPC> gmail.Users.Messages.Get(email=\"me\" id=\"19745e0620cc6ca2\") => <nil> 146.592994ms" pid=2051
time="2026-10-07T22:21:17.733-04:00" level=info msg="RPC> gmail.Users.Messages.Get(email=\"me\" id=\"19736e764916b360\") => <nil> 150.249001ms" pid=2051
time="2026-10-07T22:21:17.842-04:00" level=info msg="RPC> gmail.Users.Messages.Get(email=\"me\" id=\"1973253cc25bbb91\") => <nil> 108.696234ms" pid=2051
time="2026-10-07T22:21:17.843-04:00" level=info msg="RPC> gmail.Users.Messages.Get(email=\"me\" id=\"19732543508317de\") => <nil> 137.758271ms" pid=2051
time="2026-10-07T22:21:17.884-04:00" level=info msg="RPC> gmail.Users.Messages.Get(email=\"me\" msg=19fa4f228ecc9017 level=RAW) => <nil> 213.360836ms" pid=2354
time="2026-10-07T22:21:17.885-04:00" level=info msg="Stopping keyboard input" pid=2354
time="2026-10-07T22:21:17.922-04:00" level=info msg="Input loop told to stop" pid=2354
time="2026-10-07T22:21:17.922-04:00" level=info msg="Keyboard input stopped" pid=2354
time="2026-10-07T22:21:17.979-04:00" level=info msg="RPC> gmail.Users.Messages.Get(email=\"me\" id=\"19732442086c0c03\") => <nil> 136.46359ms" pid=2051
time="2026-10-07T22:21:17.994-04:00" level=info msg="RPC> gmail.Users.Messages.Get(email=\"me\" id=\"1971ecfe696a1e88\") => <nil> 151.331159ms" pid=2051
time="2026-10-07T22:21:18.104-04:00" level=info msg="RPC> gmail.Users.Messages.Get(email=\"me\" id=\"197135ceff78e369\") => <nil> 125.741026ms" pid=2051
time="2026-10-07T22:21:18.147-04:00" level=info msg="RPC> gmail.Users.Messages.Get(email=\"me\" id=\"197135266564e182\") => <nil> 152.353758ms" pid=2051
time="2026-10-07T22:21:18.236-04:00" level=info msg="RPC> gmail.Users.Messages.Get(email=\"me\" id=\"1970dc04643bece2\") => <nil> 131.095374ms" pid=2051
time="2026-10-07T22:21:18.255-04:00" level=info msg="RPC> gmail.Users.Messages.Get(email=\"me\" id=\"196f42d4e5ab19a4\") => <nil> 108.154533ms" pid=2051
time="2026-10-07T22:21:18.364-04:00" level=info msg="RPC> gmail.Users.Messages.Get(email=\"me\" id=\"196f3f913b626994\") => <nil> 128.512374ms" pid=2051
time="2026-10-07T22:21:18.371-04:00" level=info msg="RPC> gmail.Users.Messages.Get(email=\"me\" id=\"196f33cf740845d6\") => <nil> 115.98758ms" pid=2051
time="2026-10-07T22:21:18.492-04:00" level=info msg="RPC> gmail.Users.Messages.Get(email=\"me\" id=\"196bfdf0c66b95ae\") => <nil> 120.781848ms" pid=2051
time="2026-10-07T22:21:18.494-04:00" level=info msg="RPC> gmail.Users.Messages.Get(email=\"me\" id=\"196da4aa723fcc59\") => <nil> 129.891501ms" pid=2051
time="2026-10-07T22:21:18.617-04:00" level=info msg="RPC> gmail.Users.Messages.Get(email=\"me\" id=\"19686b4e8776fc3e\") => <nil> 122.725764ms" pid=2051
time="2026-10-07T22:21:18.631-04:00" level=info msg="RPC> gmail.Users.Messages.Get(email=\"me\" id=\"196876c081eb822a\") => <nil> 138.36408ms" pid=2051
time="2026-10-07T22:21:18.745-04:00" level=info msg="RPC> gmail.Users.Messages.Get(email=\"me\" id=\"1967f82e7de58c46\") => <nil> 128.075239ms" pid=2051
time="2026-10-07T22:21:18.762-04:00" level=info msg="RPC> gmail.Users.Messages.Get(email=\"me\" id=\"1967ef718139a4fa\") => <nil> 131.564363ms" pid=2051
time="2026-10-07T22:21:18.870-04:00" level=info msg="RPC> gmail.Users.Messages.Get(email=\"me\" id=\"19669792533d7e97\") => <nil> 123.965476ms" pid=2051
time="2026-10-07T22:21:18.887-04:00" level=info msg="History for 2307342 INBOX" pid=2051
time="2026-10-07T22:21:18.899-04:00" level=info msg="RPC> gmail.Users.Messages.Get(email=\"me\" id=\"1965b2cc96a23dce\") => <nil> 136.912519ms" pid=2051
time="2026-10-07T22:21:19.004-04:00" level=info msg="RPC> gmail.Users.Messages.Get(email=\"me\" id=\"1965b048b84fd28c\") => <nil> 134.413504ms" pid=2051
time="2026-10-07T22:21:19.007-04:00" level=info msg="RPC> gmail.Users.Messages.Get(email=\"me\" id=\"1965a54ddad1e786\") => <nil> 107.138661ms" pid=2051
time="2026-10-07T22:21:19.015-04:00" level=info msg="RPC> gmail.Users.History.List(email=\"me\" historyID=2307342 labelID=\"INBOX\") => <nil> 127.611269ms" pid=2051
time="2026-10-07T22:21:19.015-04:00" level=info msg="No history since last check" pid=2051
time="2026-10-07T22:21:19.015-04:00" level=info msg="History check took 128.070875ms" pid=2051
time="2026-10-07T22:21:19.096-04:00" level=info msg="RPC> gmail.Users.Messages.Get(email=\"me\" id=\"1964fc2c29038335\") => <nil> 89.665485ms" pid=2051
time="2026-10-07T22:21:19.132-04:00" level=info msg="RPC> gmail.Users.Messages.Get(email=\"me\" id=\"19655a1208ad2f0d\") => <nil> 127.871633ms" pid=2051
time="2026-10-07T22:21:19.191-04:00" level=info msg="RPC> gmail.Users.Messages.Get(email=\"me\" id=\"1964fc0c280514b8\") => <nil> 94.989787ms" pid=2051
time="2026-10-07T22:21:19.224-04:00" level=info msg="RPC> gmail.Users.Messages.Get(email=\"me\" id=\"1964f0d9ab296b62\") => <nil> 92.006294ms" pid=2051
time="2026-10-07T22:21:19.325-04:00" level=info msg="RPC> gmail.Users.Messages.Get(email=\"me\" id=\"19630a8f0b41c858\") => <nil> 100.49747ms" pid=2051
time="2026-10-07T22:21:19.327-04:00" level=info msg="RPC> gmail.Users.Messages.Get(email=\"me\" id=\"1963e2f772963f6d\") => <nil> 135.546996ms" pid=2051
time="2026-10-07T22:21:19.417-04:00" level=info msg="RPC> gmail.Users.Messages.Get(email=\"me\" id=\"19624f3b9b78c1ac\") => <nil> 91.595793ms" pid=2051
time="2026-10-07T22:21:19.434-04:00" level=info msg="RPC> gmail.Users.Messages.Get(email=\"me\" id=\"19624f24cbb939db\") => <nil> 107.029946ms" pid=2051
time="2026-10-07T22:21:19.551-04:00" level=info msg="RPC> gmail.Users.Messages.Get(email=\"me\" id=\"19615bf34bea5d78\") => <nil> 133.851984ms" pid=2051
time="2026-10-07T22:21:19.561-04:00" level=info msg="RPC> gmail.Users.Messages.Get(email=\"me\" id=\"19600ac16f56eb14\") => <nil> 126.882995ms" pid=2051
time="2026-10-07T22:21:19.655-04:00" level=info msg="RPC> gmail.Users.Messages.Get(email=\"me\" id=\"195f6774d7e59c6b\") => <nil> 104.416879ms" pid=2051
time="2026-10-07T22:21:19.659-04:00" level=info msg="RPC> gmail.Users.Messages.Get(email=\"me\" id=\"195ed762d70df9b7\") => <nil> 97.493564ms" pid=2051
time="2026-10-07T22:21:19.756-04:00" level=info msg="RPC> gmail.Users.Messages.Get(email=\"me\" id=\"195ec1c8e92f7eaf\") => <nil> 101.019646ms" pid=2051
time="2026-10-07T22:21:19.761-04:00" level=info msg="RPC> gmail.Users.Messages.Get(email=\"me\" id=\"195d274b01334147\") => <nil> 102.368285ms" pid=2051
time="2026-10-07T22:21:19.866-04:00" level=info msg="RPC> gmail.Users.Messages.Get(email=\"me\" id=\"195d26ecad3d4d4d\") => <nil> 104.331957ms" pid=2051
time="2026-10-07T22:21:19.867-04:00" level=info msg="RPC> gmail.Users.Messages.Get(email=\"me\" id=\"195d26f5dba68c65\") => <nil> 110.330101ms" pid=2051
time="2026-10-07T22:21:19.987-04:00" level=info msg="RPC> gmail.Users.Messages.Get(email=\"me\" id=\"195c43e9937c87a9\") => <nil> 120.260093ms" pid=2051
time="2026-10-07T22:21:20.017-04:00" level=info msg="RPC> gmail.Users.Messages.Get(email=\"me\" id=\"195c4419b5f64dad\") => <nil> 150.572726ms" pid=2051
time="2026-10-07T22:21:20.060-04:00" level=info msg="Pager finished" pid=2354
time="2026-10-07T22:21:20.060-04:00" level=info msg="Starting keyboard input" pid=2354
time="2026-10-07T22:21:20.113-04:00" level=info msg="RPC> gmail.Users.Messages.Get(email=\"me\" id=\"195c4250935f9c24\") => <nil> 125.513663ms" pid=2051
time="2026-10-07T22:21:20.116-04:00" level=info msg="RPC> gmail.Users.Messages.Get(email=\"me\" id=\"195be62a609c4333\") => <nil> 99.423062ms" pid=2051
time="2026-10-07T22:21:20.238-04:00" level=info msg="RPC> gmail.Users.Messages.Get(email=\"me\" id=\"195be2264c494968\") => <nil> 124.664058ms" pid=2051
time="2026-10-07T22:21:20.251-04:00" level=info msg="RPC> gmail.Users.Messages.Get(email=\"me\" id=\"195bddaa182f9d28\") => <nil> 134.840728ms" pid=2051
time="2026-10-07T22:21:20.346-04:00" level=info msg="RPC> gmail.Users.Messages.Get(email=\"me\" id=\"195bdd18741e751d\") => <nil> 108.284282ms" pid=2051
time="2026-10-07T22:21:20.346-04:00" level=info msg="RPC> gmail.Users.Messages.Get(email=\"me\" id=\"1959193756fada55\") => <nil> 94.737512ms" pid=2051
time="2026-10-07T22:21:20.464-04:00" level=info msg="RPC> gmail.Users.Messages.Get(email=\"me\" id=\"19582df577c2aea8\") => <nil> 117.380513ms" pid=2051
time="2026-10-07T22:21:20.483-04:00" level=info msg="RPC> gmail.Users.Messages.Get(email=\"me\" id=\"195830bde4bf3d53\") => <nil> 136.328039ms" pid=2051
time="2026-10-07T22:21:20.573-04:00" level=info msg="RPC> gmail.Users.Messages.Get(email=\"me\" id=\"19582db51e2a7fc7\") => <nil> 109.449371ms" pid=2051
time="2026-10-07T22:21:20.617-04:00" level=info msg="RPC> gmail.Users.Messages.Get(email=\"me\" id=\"19580e1f6ca6a6f0\") => <nil> 133.876589ms" pid=2051
time="2026-10-07T22:21:20.705-04:00" level=info msg="RPC> gmail.Users.Messages.Get(email=\"me\" id=\"1957df57d280f498\") => <nil> 131.307344ms" pid=2051
time="2026-10-07T22:21:20.745-04:00" level=info msg="RPC> gmail.Users.Messages.Get(email=\"me\" id=\"1954d8a3f1f9a048\") => <nil> 128.046318ms" pid=2051
time="2026-10-07T22:21:20.840-04:00" level=info msg="RPC> gmail.Users.Messages.Get(email=\"me\" id=\"1953f128a9fbeacd\") => <nil> 134.692592ms" pid=2051
time="2026-10-07T22:21:20.877-04:00" level=info msg="RPC> gmail.Users.Messages.Get(email=\"me\" id=\"1953d67c7fb196ac\") => <nil> 131.654941ms" pid=2051
time="2026-10-07T22:21:20.971-04:00" level=info msg="RPC> gmail.Users.Messages.Get(email=\"me\" id=\"195361295e815a25\") => <nil> 130.778106ms" pid=2051
time="2026-10-07T22:21:20.996-04:00" level=info msg="RPC> gmail.Users.Messages.Get(email=\"me\" id=\"19526611c988468d\") => <nil> 119.032622ms" pid=2051
time="2026-10-07T22:21:21.099-04:00" level=info msg="RPC> gmail.Users.Messages.Get(email=\"me\" id=\"19519ec68d50aa9b\") => <nil> 103.165177ms" pid=2051
time="2026-10-07T22:21:21.104-04:00" level=info msg="RPC> gmail.Users.Messages.Get(email=\"me\" id=\"195218a99b534d55\") => <nil> 132.981021ms" pid=2051
time="2026-10-07T22:21:21.131-04:00" level=info msg="Stopping keyboard input" pid=2354
time="2026-10-07T22:21:21.182-04:00" level=info msg="Input loop told to stop" pid=2354
time="2026-10-07T22:21:21.182-04:00" level=info msg="Keyboard input stopped" pid=2354
time="2026-10-07T22:21:21.188-04:00" level=info msg="Window pid 2353 exited: <nil>, stderr \"\"" pid=2051
time="2026-10-07T22:21:21.193-04:00" level=info msg="MessageListView got WINCH!" pid=2051
time="2026-10-07T22:21:21.212-04:00" level=info msg="RPC> gmail.Users.Messages.Get(email=\"me\" id=\"1950bcaedc216b15\") => <nil> 112.799143ms" pid=2051
time="2026-10-07T22:21:21.227-04:00" level=info msg="RPC> gmail.Users.Messages.Get(email=\"me\" id=\"19506406b34f6c76\") => <nil> 122.862505ms" pid=2051
time="2026-10-07T22:21:21.301-04:00" level=info msg="RPC> gmail.Users.Messages.Get(email=\"me\" id=\"195055913b87e903\") => <nil> 88.590346ms" pid=2051
time="2026-10-07T22:21:21.325-04:00" level=info msg="RPC> gmail.Users.Messages.Get(email=\"me\" id=\"19504b0f597a173d\") => <nil> 98.30725ms" pid=2051
time="2026-10-07T22:21:21.398-04:00" level=info msg="RPC> gmail.Users.Messages.Get(email=\"me\" id=\"194f03e7305a3a36\") => <nil> 96.995564ms" pid=2051
time="2026-10-07T22:21:21.444-04:00" level=info msg="RPC> gmail.Users.Messages.Get(email=\"me\" id=\"194f03da76d1e174\") => <nil> 118.807705ms" pid=2051
time="2026-10-07T22:21:21.512-04:00" level=info msg="RPC> gmail.Users.Messages.Get(email=\"me\" id=\"194d8121ac9e535e\") => <nil> 114.543967ms" pid=2051
time="2026-10-07T22:21:21.539-04:00" level=info msg="RPC> gmail.Users.Messages.Get(email=\"me\" id=\"194c6d757ae4817f\") => <nil> 95.225979ms" pid=2051
time="2026-10-07T22:21:21.647-04:00" level=info msg="RPC> gmail.Users.Messages.Get(email=\"me\" id=\"194b5987b742b773\") => <nil> 134.656205ms" pid=2051
time="2026-10-07T22:21:21.667-04:00" level=info msg="RPC> gmail.Users.Messages.Get(email=\"me\" id=\"194a928d97d61457\") => <nil> 127.916504ms" pid=2051
time="2026-10-07T22:21:21.780-04:00" level=info msg="RPC> gmail.Users.Messages.Get(email=\"me\" id=\"194a6379e8617d7a\") => <nil> 132.749336ms" pid=2051
time="2026-10-07T22:21:21.805-04:00" level=info msg="RPC> gmail.Users.Messages.Get(email=\"me\" id=\"1948aaba4ad683d0\") => <nil> 137.645255ms" pid=2051
time="2026-10-07T22:21:21.920-04:00" level=info msg="RPC> gmail.Users.Messages.Get(email=\"me\" id=\"19488ce6e721b05b\") => <nil> 139.494259ms" pid=2051
time="2026-10-07T22:21:21.931-04:00" level=info msg="RPC> gmail.Users.Messages.Get(email=\"me\" id=\"1947b012645fcc51\") => <nil> 125.314596ms" pid=2051
time="2026-10-07T22:21:22.013-04:00" level=info msg="RPC> gmail.Users.Messages.Get(email=\"me\" id=\"1947a47cd5a0a441\") => <nil> 93.302498ms" pid=2051
time="2026-10-07T22:21:22.062-04:00" level=info msg="RPC> gmail.Users.Messages.Get(email=\"me\" id=\"19477f81dc581d2a\") => <nil> 130.796394ms" pid=2051
time="2026-10-07T22:21:22.105-04:00" level=info msg="RPC> gmail.Users.Messages.Get(email=\"me\" id=\"1946d478fe79b2eb\") => <nil> 91.52045ms" pid=2051
time="2026-10-07T22:21:22.173-04:00" level=info msg="RPC> gmail.Users.Messages.Get(email=\"me\" id=\"1945cbd2ba452708\") => <nil> 110.971841ms" pid=2051
time="2026-10-07T22:21:22.200-04:00" level=info msg="RPC> gmail.Users.Messages.Get(email=\"me\" id=\"1945cbb075f3a9d7\") => <nil> 95.384781ms" pid=2051
time="2026-10-07T22:21:22.282-04:00" level=info msg="RPC> gmail.Users.Messages.Get(email=\"me\" id=\"1944c68f3d9f66f3\") => <nil> 108.802527ms" pid=2051
time="2026-10-07T22:21:22.354-04:00" level=info msg="RPC> gmail.Users.Messages.Get(email=\"me\" id=\"1943c52dec099565\") => <nil> 153.188193ms" pid=2051
time="2026-10-07T22:21:22.390-04:00" level=info msg="RPC> gmail.Users.Messages.Get(email=\"me\" id=\"1943bfb26a6fbcf3\") => <nil> 107.93897ms" pid=2051
time="2026-10-07T22:21:22.491-04:00" level=info msg="RPC> gmail.Users.Messages.Get(email=\"me\" id=\"19413ff694cba432\") => <nil> 137.019562ms" pid=2051
time="2026-10-07T22:21:22.495-04:00" level=info msg="RPC> gmail.Users.Messages.Get(email=\"me\" id=\"194112661396ace7\") => <nil> 104.789948ms" pid=2051
time="2026-10-07T22:21:22.621-04:00" level=info msg="RPC> gmail.Users.Messages.Get(email=\"me\" id=\"193fb2be3e96ba23\") => <nil> 130.073081ms" pid=2051
time="2026-10-07T22:21:22.653-04:00" level=info msg="RPC> gmail.Users.Messages.Get(email=\"me\" id=\"193f4533c0ab8445\") => <nil> 157.896215ms" pid=2051
time="2026-10-07T22:21:22.744-04:00" level=info msg="RPC> gmail.Users.Messages.Get(email=\"me\" id=\"193d7a55b0540a69\") => <nil> 122.582319ms" pid=2051
time="2026-10-07T22:21:22.764-04:00" level=info msg="RPC> gmail.Users.Messages.Get(email=\"me\" id=\"193b5e44cdb1bc23\") => <nil> 111.420762ms" pid=2051
time="2026-10-07T22:21:22.872-04:00" level=info msg="RPC> gmail.Users.Messages.Get(email=\"me\" id=\"1938f5a7fe78bda9\") => <nil> 128.46673ms" pid=2051
time="2026-10-07T22:21:22.874-04:00" level=info msg="RPC> gmail.Users.Messages.Get(email=\"me\" id=\"1938ac46bb47e050\") => <nil> 109.675814ms" pid=2051
time="2026-10-07T22:21:22.968-04:00" level=info msg="RPC> gmail.Users.Messages.Get(email=\"me\" id=\"1936f45784a4d8fa\") => <nil> 95.972452ms" pid=2051
time="2026-10-07T22:21:22.982-04:00" level=info msg="RPC> gmail.Users.Messages.Get(email=\"me\" id=\"1936f1c6587a5518\") => <nil> 107.209389ms" pid=2051
time="2026-10-07T22:21:23.101-04:00" level=info msg="RPC> gmail.Users.Messages.Get(email=\"me\" id=\"1936dbcd9a14b70e\") => <nil> 132.879572ms" pid=2051
time="2026-10-07T22:21:23.163-04:00" level=info msg="RPC> gmail.Users.Messages.Get(email=\"me\" id=\"193648120646902f\") => <nil> 181.60231ms" pid=2051
time="2026-10-07T22:21:23.251-04:00" level=info msg="RPC> gmail.Users.Messages.Get(email=\"me\" id=\"19364482fe25d5cc\") => <nil> 149.023254ms" pid=2051
time="2026-10-07T22:21:23.263-04:00" level=info msg="Started window, pid 2517: [\"st\" \"-e\" \"/home/caleb/system/cmdg/cmdg\" \"-config=../../.cmdg/personal.conf\" \"-log=logs/window_timing.log\" \"-log_rpc=true\" \"-read=1a011601029a09f3\" \"-window_file=/tmp/cmdg-window-2433873042.json\"]" pid=2051
time="2026-10-07T22:21:23.293-04:00" level=info msg="RPC> gmail.Users.Messages.Get(email=\"me\" id=\"1934758cd4a1083e\") => <nil> 129.922725ms" pid=2051
time="2026-10-07T22:21:23.300-04:00" level=info msg="MessageListView got WINCH!" pid=2051
time="2026-10-07T22:21:23.306-04:00" level=info msg="cmdg 1.05 window, built from commit c5d95f25369ea02d7b2a4efe5c52ec100c0ea63c of 2026-10-08T02:16:56Z with uncommitted changes" pid=2518
time="2026-10-07T22:21:23.380-04:00" level=info msg="RPC> gmail.Users.Messages.Get(email=\"me\" id=\"1934757810a71b3e\") => <nil> 129.687554ms" pid=2051
time="2026-10-07T22:21:23.388-04:00" level=info msg="RPC> gmail.Users.Messages.Get(email=\"me\" id=\"1933d7a9950ae5dc\") => <nil> 94.730043ms" pid=2051
time="2026-10-07T22:21:23.527-04:00" level=info msg="RPC> gmail.Users.Messages.Get(email=\"me\" id=\"1932ba2742712d3f\") => <nil> 138.451345ms" pid=2051
time="2026-10-07T22:21:23.554-04:00" level=info msg="RPC> gmail.Users.Messages.Get(email=\"me\" id=\"1932c97b0fe8e4fb\") => <nil> 173.278776ms" pid=2051
time="2026-10-07T22:21:23.594-04:00" level=info msg="RPC> oauth2.Token(expiry=2026-10-07T23:21:22-04:00) => <nil> 287.194886ms" pid=2518
time="2026-10-07T22:21:23.623-04:00" level=info msg="RPC> gmail.Users.Messages.Get(email=\"me\" id=\"1932610092cb918b\") => <nil> 96.476785ms" pid=2051
time="2026-10-07T22:21:23.678-04:00" level=info msg="RPC> gmail.Users.Messages.Get(email=\"me\" id=\"19323574dbff8e89\") => <nil> 124.353258ms" pid=2051
time="2026-10-07T22:21:23.741-04:00" level=info msg="RPC> gmail.Users.Messages.Get(email=\"me\" id=\"1931dc804a1b19d4\") => <nil> 117.567506ms" pid=2051
time="2026-10-07T22:21:23.810-04:00" level=info msg="RPC> gmail.Users.Messages.Get(email=\"me\" id=\"1931dc216bb45df2\") => <nil> 131.66402ms" pid=2051
time="2026-10-07T22:21:23.819-04:00" level=info msg="RPC> gmail.Users.Labels.List(email=\"me\") => <nil> 512.192343ms" pid=2518
time="2026-10-07T22:21:23.819-04:00" level=info msg="Loaded labels in 512.270887ms" pid=2518
time="2026-10-07T22:21:23.820-04:00" level=info msg="Starting keyboard input" pid=2518
time="2026-10-07T22:21:23.820-04:00" level=info msg="Running OpenMessageView" pid=2518
time="2026-10-07T22:21:23.851-04:00" level=info msg="RPC> gmail.Users.Messages.Get(email=\"me\" msgID=1a011601029a09f3 level=full) => <nil> 543.83989ms" pid=2518
time="2026-10-07T22:21:23.851-04:00" level=info msg="Message is type \"multipart/alternative\"" pid=2518
time="2026-10-07T22:21:23.884-04:00" level=info msg="RPC> gmail.Users.Messages.Get(email=\"me\" id=\"192fcbca14de9707\") => <nil> 142.784509ms" pid=2051
time="2026-10-07T22:21:23.890-04:00" level=info msg="Rendered HTML in 38.498541ms" pid=2518
time="2026-10-07T22:21:23.890-04:00" level=info msg="Message is type \"multipart/alternative\"" pid=2518
time="2026-10-07T22:21:23.906-04:00" level=info msg="Rendered HTML in 15.430024ms" pid=2518
time="2026-10-07T22:21:23.906-04:00" level=info msg="Got full message in 85.907818ms" pid=2518
time="2026-10-07T22:21:23.906-04:00" level=info msg="Message arrived" pid=2518
time="2026-10-07T22:21:23.963-04:00" level=info msg="RPC> gmail.Users.Messages.Get(email=\"me\" id=\"192fa2790919b8f0\") => <nil> 152.478298ms" pid=2051
time="2026-10-07T22:21:23.979-04:00" level=info msg="RPC> gmail.Users.Messages.Get(email=\"me\" id=\"192f26f599fdc3c6\") => <nil> 94.56877ms" pid=2051
time="2026-10-07T22:21:24.100-04:00" level=info msg="RPC> gmail.Users.Messages.Get(email=\"me\" id=\"192f252f296dfbb8\") => <nil> 136.870192ms" pid=2051
time="2026-10-07T22:21:24.102-04:00" level=info msg="RPC> gmail.Users.Messages.Get(email=\"me\" id=\"192ed3e637596d68\") => <nil> 123.53309ms" pid=2051
time="2026-10-07T22:21:24.203-04:00" level=info msg="RPC> gmail.Users.Messages.Get(email=\"me\" id=\"192cffdda72417c7\") => <nil> 100.347172ms" pid=2051
time="2026-10-07T22:21:24.229-04:00" level=info msg="RPC> gmail.Users.Messages.Get(email=\"me\" id=\"192daa5dc87d3308\") => <nil> 128.706346ms" pid=2051
time="2026-10-07T22:21:24.333-04:00" level=info msg="RPC> gmail.Users.Messages.Get(email=\"me\" id=\"1928b97ac5bec27c\") => <nil> 104.271836ms" pid=2051
time="2026-10-07T22:21:24.369-04:00" level=info msg="RPC> gmail.Users.Messages.Get(email=\"me\" id=\"192ab5ba9c9e1c35\") => <nil> 166.521431ms" pid=2051
time="2026-10-07T22:21:24.425-04:00" level=info msg="RPC> gmail.Users.Messages.Get(email=\"me\" id=\"19271ac6fa5cf0ea\") => <nil> 91.861502ms" pid=2051
time="2026-10-07T22:21:24.486-04:00" level=info msg="RPC> gmail.Users.Messages.Get(email=\"me\" id=\"1926ebbc9181191a\") => <nil> 116.431118ms" pid=2051
time="2026-10-07T22:21:24.564-04:00" level=info msg="RPC> gmail.Users.Messages.Get(email=\"me\" id=\"192679a4e07a7740\") => <nil> 138.518082ms" pid=2051
time="2026-10-07T22:21:24.585-04:00" level=info msg="RPC> gmail.Users.Messages.Get(email=\"me\" id=\"192461678ce8c3de\") => <nil> 98.896731ms" pid=2051
time="2026-10-07T22:21:24.662-04:00" level=info msg="RPC> gmail.Users.Messages.Get(email=\"me\" id=\"192460778df94962\") => <nil> 97.877938ms" pid=2051
time="2026-10-07T22:21:24.680-04:00" level=info msg="RPC> gmail.Users.Messages.Get(email=\"me\" id=\"19246067ee30ed5d\") => <nil> 95.173366ms" pid=2051
time="2026-10-07T22:21:24.780-04:00" level=info msg="RPC> gmail.Users.Messages.Get(email=\"me\" id=\"1922ec993a2d9dfa\") => <nil> 99.594989ms" pid=2051
time="2026-10-07T22:21:24.788-04:00" level=info msg="RPC> gmail.Users.Messages.Get(email=\"me\" id=\"192319a8c17ba07b\") => <nil> 125.828489ms" pid=2051
time="2026-10-07T22:21:24.905-04:00" level=info msg="RPC> gmail.Users.Messages.Get(email=\"me\" id=\"1921f48b3de0d56b\") => <nil> 125.190085ms" pid=2051
time="2026-10-07T22:21:24.934-04:00" level=info msg="RPC> gmail.Users.Messages.Get(email=\"me\" id=\"1921f43b6b0f507f\") => <nil> 145.933832ms" pid=2051
time="2026-10-07T22:21:25.023-04:00" level=info msg="RPC> gmail.Users.Messages.Get(email=\"me\" id=\"1921f41562f55b75\") => <nil> 117.158377ms" pid=2051
time="2026-10-07T22:21:25.051-04:00" level=info msg="RPC> gmail.Users.Messages.Get(email=\"me\" id=\"1921f3fd300fd6e4\") => <nil> 116.632174ms" pid=2051
time="2026-10-07T22:21:25.155-04:00" level=info msg="RPC> gmail.Users.Messages.Get(email=\"me\" id=\"1920a8860b544db4\") => <nil> 132.075938ms" pid=2051
time="2026-10-07T22:21:25.181-04:00" level=info msg="RPC> gmail.Users.Messages.Get(email=\"me\" id=\"1920683fef06d5fd\") => <nil> 130.315009ms" pid=2051
time="2026-10-07T22:21:25.286-04:00" level=info msg="RPC> gmail.Users.Messages.Get(email=\"me\" id=\"1920683d7da90c04\") => <nil> 130.92339ms" pid=2051
time="2026-10-07T22:21:25.359-04:00" level=info msg="RPC> gmail.Users.Messages.Get(email=\"me\" id=\"1920599fc8efa6ec\") => <nil> 177.949343ms" pid=2051
time="2026-10-07T22:21:25.386-04:00" level=info msg="RPC> gmail.Users.Messages.Get(email=\"me\" id=\"1920587e0b7f9c23\") => <nil> 99.851778ms" pid=2051
time="2026-10-07T22:21:25.489-04:00" level=info msg="RPC> gmail.Users.Messages.Get(email=\"me\" id=\"19205863a1a63c9e\") => <nil> 129.22297ms" pid=2051
time="2026-10-07T22:21:25.508-04:00" level=info msg="RPC> gmail.Users.Messages.Get(email=\"me\" id=\"191fb47a63d50321\") => <nil> 122.258849ms" pid=2051
time="2026-10-07T22:21:25.622-04:00" level=info msg="RPC> gmail.Users.Messages.Get(email=\"me\" id=\"191fb463e5660006\") => <nil> 132.809238ms" pid=2051
time="2026-10-07T22:21:25.635-04:00" level=info msg="RPC> gmail.Users.Messages.Get(email=\"me\" id=\"191f2eb0ca5df831\") => <nil> 126.214113ms" pid=2051
time="2026-10-07T22:21:25.718-04:00" level=info msg="RPC> gmail.Users.Messages.Get(email=\"me\" id=\"191ece00b934ac80\") => <nil> 96.330508ms" pid=2051
time="2026-10-07T22:21:25.765-04:00" level=info msg="RPC> gmail.Users.Messages.Get(email=\"me\" id=\"191ec16c87d1e3e9\") => <nil> 130.420528ms" pid=2051
time="2026-10-07T22:21:25.853-04:00" level=info msg="RPC> gmail.Users.Messages.Get(email=\"me\" id=\"191ebb6b91353e4a\") => <nil> 134.783027ms" pid=2051
time="2026-10-07T22:21:25.901-04:00" level=info msg="RPC> gmail.Users.Messages.Get(email=\"me\" id=\"191ebb596134b3a3\") => <nil> 135.511345ms" pid=2051
time="2026-10-07T22:21:25.959-04:00" level=info msg="RPC> gmail.Users.Messages.Get(email=\"me\" id=\"191eb8feaa98ef1f\") => <nil> 105.690982ms" pid=2051
time="2026-10-07T22:21:26.017-04:00" level=info msg="RPC> gmail.Users.Messages.Get(email=\"me\" id=\"191dc57afd8921cc\") => <nil> 116.380993ms" pid=2051
time="2026-10-07T22:21:26.084-04:00" level=info msg="RPC> gmail.Users.Messages.Get(email=\"me\" id=\"191dbed0c09a8518\") => <nil> 124.601761ms" pid=2051
time="2026-10-07T22:21:26.140-04:00" level=info msg="RPC> gmail.Users.Messages.Get(email=\"me\" id=\"191cf218226ba3e2\") => <nil> 122.525022ms" pid=2051
time="2026-10-07T22:21:26.212-04:00" level=info msg="RPC> gmail.Users.Messages.Get(email=\"me\" id=\"191cf1e7ff1253e2\") => <nil> 127.737349ms" pid=2051
time="2026-10-07T22:21:26.234-04:00" level=info msg="RPC> gmail.Users.Messages.Get(email=\"me\" id=\"191c4f750fa6eeb6\") => <nil> 93.952202ms" pid=2051
time="2026-10-07T22:21:26.295-04:00" level=info msg="RPC> gmail.Users.Messages.Get(email=\"me\" id=\"191c283a78887cf2\") => <nil> 82.946605ms" pid=2051
time="2026-10-07T22:21:26.360-04:00" level=info msg="RPC> gmail.Users.Messages.Get(email=\"me\" id=\"191c2128acaef80b\") => <nil> 125.121535ms" pid=2051
time="2026-10-07T22:21:26.419-04:00" level=info msg="RPC> gmail.Users.Messages.Get(email=\"me\" id=\"191bdf7ef1736465\") => <nil> 124.391335ms" pid=2051
time="2026-10-07T22:21:26.458-04:00" level=info msg="Running OpenMessageView" pid=2518
time="2026-10-07T22:21:26.481-04:00" level=info msg="RPC> gmail.Users.Messages.Get(email=\"me\" id=\"191bdf438fee4659\") => <nil> 120.813174ms" pid=2051
time="2026-10-07T22:21:26.546-04:00" level=info msg="RPC> gmail.Users.Messages.Get(email=\"me\" id=\"191badaad69019f8\") => <nil> 126.701989ms" pid=2051
time="2026-10-07T22:21:26.579-04:00" level=info msg="RPC> gmail.Users.Messages.Get(email=\"me\" msgID=1a00240d644e541e level=full) => <nil> 121.406393ms" pid=2518
time="2026-10-07T22:21:26.580-04:00" level=info msg="Message is type \"multipart/alternative\"" pid=2518
time="2026-10-07T22:21:26.602-04:00" level=info msg="Rendered HTML in 22.168733ms" pid=2518
time="2026-10-07T22:21:26.602-04:00" level=info msg="Message is type \"multipart/alternative\"" pid=2518
time="2026-10-07T22:21:26.604-04:00" level=info msg="RPC> gmail.Users.Messages.Get(email=\"me\" id=\"191b8ae9aec0000b\") => <nil> 122.792862ms" pid=2051
time="2026-10-07T22:21:26.619-04:00" level=info msg="Rendered HTML in 16.944608ms" pid=2518
time="2026-10-07T22:21:26.619-04:00" level=info msg="Got full message in 161.545197ms" pid=2518
time="2026-10-07T22:21:26.619-04:00" level=info msg="Message arrived" pid=2518
time="2026-10-07T22:21:26.673-04:00" level=info msg="RPC> gmail.Users.Messages.Get(email=\"me\" id=\"191b4f4b226e5d12\") => <nil> 127.106423ms" pid=2051
time="2026-10-07T22:21:26.721-04:00" level=info msg="RPC> gmail.Users.Messages.Get(email=\"me\" id=\"191adaecd82ee206\") => <nil> 117.336456ms" pid=2051
time="2026-10-07T22:21:26.784-04:00" level=info msg="RPC> gmail.Users.Messages.Get(email=\"me\" id=\"191aa2a047bdd10d\") => <nil> 110.207792ms" pid=2051
time="2026-10-07T22:21:26.845-04:00" level=info msg="RPC> gmail.Users.Messages.Get(email=\"me\" id=\"191991428bfff8ea\") => <nil> 123.582206ms" pid=2051
time="2026-10-07T22:21:26.912-04:00" level=info msg="RPC> gmail.Users.Messages.Get(email=\"me\" id=\"1918eff4d91ad221\") => <nil> 128.790467ms" pid=2051
time="2026-10-07T22:21:26.953-04:00" level=info msg="RPC> gmail.Users.Messages.Get(email=\"me\" id=\"1918c7618d0a1637\") => <nil> 107.954971ms" pid=2051
time="2026-10-07T22:21:27.030-04:00" level=info msg="RPC> gmail.Users.Messages.Get(email=\"me\" id=\"1917d0d63242dfb0\") => <nil> 117.051354ms" pid=2051
time="2026-10-07T22:21:27.091-04:00" level=info msg="RPC> gmail.Users.Messages.Get(email=\"me\" id=\"1916c44c0d66a262\") => <nil> 138.028213ms" pid=2051
time="2026-10-07T22:21:27.210-04:00" level=info msg="RPC> gmail.Users.Messages.Get(email=\"me\" id=\"1916c00cdf4c505c\") => <nil> 180.176251ms" pid=2051
time="2026-10-07T22:21:27.223-04:00" level=info msg="RPC> gmail.Users.Messages.Get(email=\"me\" id=\"1916a88a85ae5afc\") => <nil> 131.697243ms" pid=2051
time="2026-10-07T22:21:27.304-04:00" level=info msg="RPC> gmail.Users.Messages.Get(email=\"me\" id=\"191655ad23e9ed96\") => <nil> 94.004821ms" pid=2051
time="2026-10-07T22:21:27.351-04:00" level=info msg="RPC> gmail.Users.Messages.Get(email=\"me\" id=\"191566151ea6973f\") => <nil> 128.257445ms" pid=2051
time="2026-10-07T22:21:27.429-04:00" level=info msg="RPC> gmail.Users.Messages.Get(email=\"me\" id=\"1914cba84c1a940a\") => <nil> 124.7125ms" pid=2051
time="2026-10-07T22:21:27.451-04:00" level=info msg="RPC> gmail.Users.Messages.Get(email=\"me\" id=\"19147bf603a6d488\") => <nil> 99.938345ms" pid=2051
time="2026-10-07T22:21:27.533-04:00" level=info msg="RPC> gmail.Users.Messages.Get(email=\"me\" id=\"1914390ea6628be3\") => <nil> 103.700363ms" pid=2051
time="2026-10-07T22:21:27.585-04:00" level=info msg="RPC> gmail.Users.Messages.Get(email=\"me\" id=\"1912d500019b2bb4\") => <nil> 133.665816ms" pid=2051
time="2026-10-07T22:21:27.659-04:00" level=info msg="RPC> gmail.Users.Messages.Get(email=\"me\" id=\"1912d1b93e2b12e6\") => <nil> 125.838601ms" pid=2051
time="2026-10-07T22:21:27.693-04:00" level=info msg="RPC> gmail.Users.Messages.Get(email=\"me\" id=\"1912d19e87653543\") => <nil> 107.499173ms" pid=2051
time="2026-10-07T22:21:27.792-04:00" level=info msg="RPC> gmail.Users.Messages.Get(email=\"me\" id=\"19127493bc9bdb39\") => <nil> 133.377494ms" pid=2051
time="2026-10-07T22:21:27.822-04:00" level=info msg="RPC> gmail.Users.Messages.Get(email=\"me\" id=\"19122eb685d2a9bf\") => <nil> 129.109898ms" pid=2051
time="2026-10-07T22:21:27.904-04:00" level=info msg="RPC> gmail.Users.Messages.Get(email=\"me\" id=\"1911f2d642bfce31\") => <nil> 111.638417ms" pid=2051
time="2026-10-07T22:21:27.941-04:00" level=info msg="Running OpenMessageView" pid=2518
time="2026-10-07T22:21:27.952-04:00" level=info msg="RPC> gmail.Users.Messages.Get(email=\"me\" id=\"191091c0d10bf236\") => <nil> 130.060163ms" pid=2051
time="2026-10-07T22:21:28.035-04:00" level=info msg="RPC> gmail.Users.Messages.Get(email=\"me\" id=\"1910915a42abb918\") => <nil> 130.296718ms" pid=2051
time="2026-10-07T22:21:28.053-04:00" level=info msg="RPC> gmail.Users.Messages.Get(email=\"me\" id=\"1910391ccfff4049\") => <nil> 100.066467ms" pid=2051
time="2026-10-07T22:21:28.116-04:00" level=info msg="RPC> gmail.Users.Messages.Get(email=\"me\" msgID=1a000d4f1d6bae55 level=full) => <nil> 175.224438ms" pid=2518
time="2026-10-07T22:21:28.116-04:00" level=info msg="Message is type \"multipart/alternative\"" pid=2518
time="2026-10-07T22:21:28.165-04:00" level=info msg="Rendered HTML in 47.340776ms" pid=2518
time="2026-10-07T22:21:28.165-04:00" level=info msg="Message is type \"multipart/alternative\"" pid=2518
time="2026-10-07T22:21:28.172-04:00" level=info msg="RPC> gmail.Users.Messages.Get(email=\"me\" id=\"1909abf3a24f05b0\") => <nil> 119.356566ms" pid=2051
time="2026-10-07T22:21:28.183-04:00" level=info msg="Rendered HTML in 17.903258ms" pid=2518
time="2026-10-07T22:21:28.183-04:00" level=info msg="Got full message in 242.309053ms" pid=2518
time="2026-10-07T22:21:28.183-04:00" level=info msg="Message arrived" pid=2518
time="2026-10-07T22:21:28.186-04:00" level=info msg="RPC> gmail.Users.Messages.Get(email=\"me\" id=\"190d80edc56ce612\") => <nil> 151.272017ms" pid=2051
time="2026-10-07T22:21:28.286-04:00" level=info msg="RPC> gmail.Users.Messages.Get(email=\"me\" id=\"19094000179d7f85\") => <nil> 114.243781ms" pid=2051
time="2026-10-07T22:21:28.309-04:00" level=info msg="RPC> gmail.Users.Messages.Get(email=\"me\" id=\"1908babf7b056d2b\") => <nil> 122.684703ms" pid=2051
time="2026-10-07T22:21:28.408-04:00" level=info msg="RPC> gmail.Users.Messages.Get(email=\"me\" id=\"19065a444bda6c61\") => <nil> 99.167611ms" pid=2051
time="2026-10-07T22:21:28.419-04:00" level=info msg="RPC> gmail.Users.Messages.Get(email=\"me\" id=\"1906f16273d49c4d\") => <nil> 132.926442ms" pid=2051
time="2026-10-07T22:21:28.510-04:00" level=info msg="RPC> gmail.Users.Messages.Get(email=\"me\" id=\"190511e7416a60b0\") => <nil> 101.903847ms" pid=2051
time="2026-10-07T22:21:28.539-04:00" level=info msg="RPC> gmail.Users.Messages.Get(email=\"me\" id=\"190434dafcf27783\") => <nil> 119.710521ms" pid=2051
time="2026-10-07T22:21:28.639-04:00" level=info msg="RPC> gmail.Users.Messages.Get(email=\"me\" id=\"19022cff79e8ece0\") => <nil> 99.299026ms" pid=2051
time="2026-10-07T22:21:28.639-04:00" level=info msg="RPC> gmail.Users.Messages.Get(email=\"me\" id=\"190434bf1a18fb04\") => <nil> 128.600088ms" pid=2051
time="2026-10-07T22:21:28.741-04:00" level=info msg="RPC> gmail.Users.Messages.Get(email=\"me\" id=\"1901236073226e4a\") => <nil> 102.007035ms" pid=2051
time="2026-10-07T22:21:28.755-04:00" level=info msg="RPC> gmail.Users.Messages.Get(email=\"me\" id=\"19014ab682cfee80\") => <nil> 116.604647ms" pid=2051
time="2026-10-07T22:21:28.842-04:00" level=info msg="RPC> gmail.Users.Messages.Get(email=\"me\" id=\"190115c3a65c208f\") => <nil> 100.668949ms" pid=2051
time="2026-10-07T22:21:28.853-04:00" level=info msg="RPC> gmail.Users.Messages.Get(email=\"me\" id=\"1900e9d7a985f959\") => <nil> 97.194801ms" pid=2051
time="2026-10-07T22:21:28.886-04:00" level=info msg="History for 2307342 INBOX" pid=2051
time="2026-10-07T22:21:28.971-04:00" level=info msg="RPC> gmail.Users.Messages.Get(email=\"me\" id=\"190045f5654e8a50\") => <nil> 129.56235ms" pid=2051
time="2026-10-07T22:21:28.978-04:00" level=info msg="RPC> gmail.Users.History.List(email=\"me\" historyID=2307342 labelID=\"INBOX\") => <nil> 91.826607ms" pid=2051
time="2026-10-07T22:21:28.978-04:00" level=info msg="No history since last check" pid=2051
time="2026-10-07T22:21:28.978-04:00" level=info msg="History check took 92.209ms" pid=2051
time="2026-10-07T22:21:28.982-04:00" level=info msg="RPC> gmail.Users.Messages.Get(email=\"me\" id=\"190045659e23df53\") => <nil> 129.594739ms" pid=2051
time="2026-10-07T22:21:29.110-04:00" level=info msg="RPC> gmail.Users.Messages.Get(email=\"me\" id=\"19003a635f6a85d7\") => <nil> 138.748202ms" pid=2051
time="2026-10-07T22:21:29.112-04:00" level=info msg="RPC> gmail.Users.Messages.Get(email=\"me\" id=\"190039dd49ce8588\") => <nil> 129.604511ms" pid=2051
time="2026-10-07T22:21:29.238-04:00" level=info msg="RPC> gmail.Users.Messages.Get(email=\"me\" id=\"18ff38a27431392b\") => <nil> 125.797523ms" pid=2051
time="2026-10-07T22:21:29.241-04:00" level=info msg="RPC> gmail.Users.Messages.Get(email=\"me\" id=\"1900053bd0125cdc\") => <nil> 130.095205ms" pid=2051
time="2026-10-07T22:21:29.324-04:00" level=info msg="Running OpenMessageView" pid=2518
time="2026-10-07T22:21:29.333-04:00" level=info msg="RPC> gmail.Users.Messages.Get(email=\"me\" id=\"18feae7b2a08e110\") => <nil> 94.777919ms" pid=2051
time="2026-10-07T22:21:29.342-04:00" level=info msg="RPC> gmail.Users.Messages.Get(email=\"me\" id=\"18fe61fe391962c3\") => <nil> 101.102241ms" pid=2051
time="2026-10-07T22:21:29.425-04:00" level=info msg="RPC> gmail.Users.Messages.Get(email=\"me\" id=\"18fde8d2aa955bb0\") => <nil> 82.931802ms" pid=2051
time="2026-10-07T22:21:29.433-04:00" level=info msg="RPC> gmail.Users.Messages.Get(email=\"me\" id=\"18fe402b0cb1960c\") => <nil> 99.597649ms" pid=2051
time="2026-10-07T22:21:29.464-04:00" level=info msg="RPC> gmail.Users.Messages.Get(email=\"me\" msgID=19fa4f228ecc9017 level=full) => <nil> 139.437192ms" pid=2518
time="2026-10-07T22:21:29.464-04:00" level=info msg="Single part body of type \"text/html\" with input len 59548" pid=2518
time="2026-10-07T22:21:29.519-04:00" level=info msg="RPC> gmail.Users.Messages.Get(email=\"me\" id=\"18fdc592faa0fc8f\") => <nil> 94.095661ms" pid=2051
time="2026-10-07T22:21:29.523-04:00" level=info msg="Rendered HTML in 49.34591ms" pid=2518
time="2026-10-07T22:21:29.523-04:00" level=info msg="Single part body of type \"text/html\" with input len 59548" pid=2518
time="2026-10-07T22:21:29.539-04:00" level=info msg="RPC> gmail.Users.Messages.Get(email=\"me\" id=\"18fd96c89d929121\") => <nil> 106.27318ms" pid=2051
time="2026-10-07T22:21:29.544-04:00" level=info msg="Rendered HTML in 16.543459ms" pid=2518
time="2026-10-07T22:21:29.544-04:00" level=info msg="Got full message in 219.372967ms" pid=2518
time="2026-10-07T22:21:29.544-04:00" level=info msg="Message arrived" pid=2518
time="2026-10-07T22:21:29.629-04:00" level=info msg="RPC> gmail.Users.Messages.Get(email=\"me\" id=\"18fce818b827db75\") => <nil> 89.533032ms" pid=2051
time="2026-10-07T22:21:29.646-04:00" level=info msg="RPC> gmail.Users.Messages.Get(email=\"me\" id=\"18fd56beb3e6f451\") => <nil> 126.427903ms" pid=2051
time="2026-10-07T22:21:29.720-04:00" level=info msg="RPC> gmail.Users.Messages.Get(email=\"me\" id=\"18fc68817a0d36c3\") => <nil> 91.478091ms" pid=2051
time="2026-10-07T22:21:29.737-04:00" level=info msg="RPC> gmail.Users.Messages.Get(email=\"me\" id=\"18fc22decd58bfae\") => <nil> 91.597258ms" pid=2051
time="2026-10-07T22:21:29.850-04:00" level=info msg="RPC> gmail.Users.Messages.Get(email=\"me\" id=\"18fa73547c041392\") => <nil> 129.580783ms" pid=2051
time="2026-10-07T22:21:29.857-04:00" level=info msg="RPC> gmail.Users.Messages.Get(email=\"me\" id=\"18fa636cac658145\") => <nil> 119.411726ms" pid=2051
time="2026-10-07T22:21:29.965-04:00" level=info msg="RPC> gmail.Users.Messages.Get(email=\"me\" id=\"18fa631ec7d3ebe5\") => <nil> 114.819659ms" pid=2051
time="2026-10-07T22:21:30.020-04:00" level=info msg="RPC> gmail.Users.Messages.Get(email=\"me\" id=\"18fa341a64a84b2d\") => <nil> 163.082578ms" pid=2051
time="2026-10-07T22:21:30.068-04:00" level=info msg="RPC> gmail.Users.Messages.Get(email=\"me\" id=\"18f98f07b8706f10\") => <nil> 102.892539ms" pid=2051
time="2026-10-07T22:21:30.166-04:00" level=info msg="RPC> gmail.Users.Messages.Get(email=\"me\" id=\"18f98acce6f2c1ad\") => <nil> 145.250943ms" pid=2051
time="2026-10-07T22:21:30.169-04:00" level=info msg="RPC> gmail.Users.Messages.Get(email=\"me\" id=\"18f8d2e300576443\") => <nil> 100.807393ms" pid=2051
time="2026-10-07T22:21:30.260-04:00" level=info msg="RPC> gmail.Users.Messages.Get(email=\"me\" id=\"18f84827d0f3bef8\") => <nil> 94.488657ms" pid=2051
time="2026-10-07T22:21:30.311-04:00" level=info msg="RPC> gmail.Users.Messages.Get(email=\"me\" id=\"18f8214e4c993470\") => <nil> 142.341266ms" pid=2051
time="2026-10-07T22:21:30.383-04:00" level=info msg="RPC> gmail.Users.Messages.Get(email=\"me\" id=\"18f790f77c29bc93\") => <nil> 122.543553ms" pid=2051
time="2026-10-07T22:21:30.450-04:00" level=info msg="RPC> gmail.Users.Messages.Get(email=\"me\" id=\"18f76d11449a34b3\") => <nil> 138.649256ms" pid=2051
time="2026-10-07T22:21:30.510-04:00" level=info msg="RPC> gmail.Users.Messages.Get(email=\"me\" id=\"18f76b77498c5c66\") => <nil> 126.873409ms" pid=2051
time="2026-10-07T22:21:30.559-04:00" level=info msg="RPC> gmail.Users.Messages.Get(email=\"me\" id=\"18f7300381542b8b\") => <nil> 108.724685ms" pid=2051
time="2026-10-07T22:21:30.580-04:00" level=info msg="Running OpenMessageView" pid=2518
time="2026-10-07T22:21:30.599-04:00" level=info msg="RPC> gmail.Users.Messages.Get(email=\"me\" id=\"18f6d644cffeedad\") => <nil> 88.67157ms" pid=2051
time="2026-10-07T22:21:30.656-04:00" level=info msg="RPC> gmail.Users.Messages.Get(email=\"me\" id=\"18f6d4ded723ce39\") => <nil> 96.689853ms" pid=2051
time="2026-10-07T22:21:30.704-04:00" level=info msg="RPC> gmail.Users.Messages.Get(email=\"me\" id=\"18f5e9345bc1d115\") => <nil> 105.332829ms" pid=2051
time="2026-10-07T22:21:30.718-04:00" level=info msg="RPC> gmail.Users.Messages.Get(email=\"me\" msgID=19eef9cd592ec8cc level=full) => <nil> 138.454578ms" pid=2518
time="2026-10-07T22:21:30.718-04:00" level=info msg="Message is type \"multipart/alternative\"" pid=2518
time="2026-10-07T22:21:30.767-04:00" level=info msg="Rendered HTML in 47.937003ms" pid=2518
time="2026-10-07T22:21:30.767-04:00" level=info msg="Message is type \"multipart/alternative\"" pid=2518
time="2026-10-07T22:21:30.785-04:00" level=info msg="Rendered HTML in 17.510671ms" pid=2518
time="2026-10-07T22:21:30.785-04:00" level=info msg="Got full message in 205.068592ms" pid=2518
time="2026-10-07T22:21:30.785-04:00" level=info msg="Message arrived" pid=2518
time="2026-10-07T22:21:30.791-04:00" level=info msg="RPC> gmail.Users.Messages.Get(email=\"me\" id=\"18f5da452a3135bd\") => <nil> 86.657768ms" pid=2051
time="2026-10-07T22:21:30.792-04:00" level=info msg="RPC> gmail.Users.Messages.Get(email=\"me\" id=\"18f5da736914e8f9\") => <nil> 135.751703ms" pid=2051
time="2026-10-07T22:21:30.886-04:00" level=info msg="RPC> gmail.Users.Messages.Get(email=\"me\" id=\"18f50e91f279cb54\") => <nil> 95.09537ms" pid=2051
time="2026-10-07T22:21:30.895-04:00" level=info msg="RPC> gmail.Users.Messages.Get(email=\"me\" id=\"18f4fbece04717bd\") => <nil> 103.22353ms" pid=2051
time="2026-10-07T22:21:31.025-04:00" level=info msg="RPC> gmail.Users.Messages.Get(email=\"me\" id=\"18f3b2266b849222\") => <nil> 138.711243ms" pid=2051
time="2026-10-07T22:21:31.029-04:00" level=info msg="RPC> gmail.Users.Messages.Get(email=\"me\" id=\"18f37468bfd98983\") => <nil> 134.04642ms" pid=2051
time="2026-10-07T22:21:31.134-04:00" level=info msg="RPC> gmail.Users.Messages.Get(email=\"me\" id=\"18f29e009f279cc0\") => <nil> 104.028798ms" pid=2051
time="2026-10-07T22:21:31.149-04:00" level=info msg="RPC> gmail.Users.Messages.Get(email=\"me\" id=\"18f2f21e105981ba\") => <nil> 123.82812ms" pid=2051
time="2026-10-07T22:21:31.266-04:00" level=info msg="RPC> gmail.Users.Messages.Get(email=\"me\" id=\"18f05d4498b85355\") => <nil> 116.901316ms" pid=2051
time="2026-10-07T22:21:31.275-04:00" level=info msg="RPC> gmail.Users.Messages.Get(email=\"me\" id=\"18f0694ae4667e50\") => <nil> 141.207799ms" pid=2051
time="2026-10-07T22:21:31.396-04:00" level=info msg="RPC> gmail.Users.Messages.Get(email=\"me\" id=\"18f03f583fefcff0\") => <nil> 129.376818ms" pid=2051
time="2026-10-07T22:21:31.412-04:00" level=info msg="RPC> gmail.Users.Messages.Get(email=\"me\" id=\"18f03ca8fd792de6\") => <nil> 137.051966ms" pid=2051
time="2026-10-07T22:21:31.516-04:00" level=info msg="RPC> gmail.Users.Messages.Get(email=\"me\" id=\"18ef450af5f8d656\") => <nil> 103.755635ms" pid=2051
time="2026-10-07T22:21:31.534-04:00" level=info msg="RPC> gmail.Users.Messages.Get(email=\"me\" id=\"18ef616b4167d41e\") => <nil> 138.255065ms" pid=2051
time="2026-10-07T22:21:31.611-04:00" level=info msg="RPC> gmail.Users.Messages.Get(email=\"me\" id=\"18eef3f7cc870ec0\") => <nil> 94.367543ms" pid=2051
time="2026-10-07T22:21:31.662-04:00" level=info msg="RPC> gmail.Users.Messages.Get(email=\"me\" id=\"18eee1ab6f8cdbda\") => <nil> 128.12117ms" pid=2051
time="2026-10-07T22:21:31.706-04:00" level=info msg="RPC> gmail.Users.Messages.Get(email=\"me\" id=\"18eec0a9bdf0b07a\") => <nil> 94.994999ms" pid=2051
time="2026-10-07T22:21:31.798-04:00" level=info msg="RPC> gmail.Users.Messages.Get(email=\"me\" id=\"18ee72ef1b296704\") => <nil> 135.52384ms" pid=2051
time="2026-10-07T22:21:31.813-04:00" level=info msg="RPC> gmail.Users.Messages.Get(email=\"me\" id=\"18edae0529d60a79\") => <nil> 106.622974ms" pid=2051
time="2026-10-07T22:21:31.911-04:00" level=info msg="RPC> gmail.Users.Messages.Get(email=\"me\" id=\"18ebd5c71e43920d\") => <nil> 112.539552ms" pid=2051
time="2026-10-07T22:21:31.942-04:00" level=info msg="RPC> gmail.Users.Messages.Get(email=\"me\" id=\"18eb90f8a50d9bd0\") => <nil> 129.209694ms" pid=2051
time="2026-10-07T22:21:32.029-04:00" level=info msg="RPC> gmail.Users.Messages.Get(email=\"me\" id=\"18eb90deb8916914\") => <nil> 118.037154ms" pid=2051
time="2026-10-07T22:21:32.029-04:00" level=info msg="RPC> gmail.Users.Messages.Get(email=\"me\" id=\"18eb8f5a41fd9d50\") => <nil> 87.403416ms" pid=2051
time="2026-10-07T22:21:32.071-04:00" level=info msg="Running OpenMessageView" pid=2518
time="2026-10-07T22:21:32.118-04:00" level=info msg="RPC> gmail.Users.Messages.Get(email=\"me\" id=\"18eb187ac1f1c0ee\") => <nil> 88.890339ms" pid=2051
time="2026-10-07T22:21:32.152-04:00" level=info msg="RPC> gmail.Users.Messages.Get(email=\"me\" id=\"18eb16fd75e0c992\") => <nil> 122.892519ms" pid=2051
time="2026-10-07T22:21:32.206-04:00" level=info msg="RPC> gmail.Users.Messages.Get(email=\"me\" id=\"18eac463cef84532\") => <nil> 87.986592ms" pid=2051
time="2026-10-07T22:21:32.217-04:00" level=info msg="RPC> gmail.Users.Messages.Get(email=\"me\" msgID=19e45b188196c458 level=full) => <nil> 145.308422ms" pid=2518
time="2026-10-07T22:21:32.217-04:00" level=info msg="Message is type \"multipart/alternative\"" pid=2518
time="2026-10-07T22:21:32.268-04:00" level=info msg="Rendered HTML in 49.764723ms" pid=2518
time="2026-10-07T22:21:32.268-04:00" level=info msg="Message is type \"multipart/alternative\"" pid=2518
time="2026-10-07T22:21:32.277-04:00" level=info msg="RPC> gmail.Users.Messages.Get(email=\"me\" id=\"18ea0cdb1f2eea0b\") => <nil> 124.730137ms" pid=2051
time="2026-10-07T22:21:32.287-04:00" level=info msg="Rendered HTML in 18.711358ms" pid=2518
time="2026-10-07T22:21:32.288-04:00" level=info msg="Got full message in 216.362698ms" pid=2518
time="2026-10-07T22:21:32.288-04:00" level=info msg="Message arrived" pid=2518
time="2026-10-07T22:21:32.343-04:00" level=info msg="RPC> gmail.Users.Messages.Get(email=\"me\" id=\"18ea0ca1ff02c499\") => <nil> 136.834989ms" pid=2051
time="2026-10-07T22:21:32.395-04:00" level=info msg="RPC> gmail.Users.Messages.Get(email=\"me\" id=\"18ea0bd96f5de58e\") => <nil> 117.429809ms" pid=2051
time="2026-10-07T22:21:32.442-04:00" level=info msg="RPC> gmail.Users.Messages.Get(email=\"me\" id=\"18e9ebd43a91d804\") => <nil> 99.047541ms" pid=2051
time="2026-10-07T22:21:32.490-04:00" level=info msg="RPC> gmail.Users.Messages.Get(email=\"me\" id=\"18e976ea60c0ef12\") => <nil> 94.804915ms" pid=2051
time="2026-10-07T22:21:32.565-04:00" level=info msg="RPC> gmail.Users.Messages.Get(email=\"me\" id=\"18e8c6037e529bb3\") => <nil> 123.219741ms" pid=2051
time="2026-10-07T22:21:32.582-04:00" level=info msg="Address scan: 500 of 2492 new messages done, 0 of them failed; read 500 messages in all, back to 2024-03-29, dating 189 addresses" pid=2051
time="2026-10-07T22:21:32.679-04:00" level=info msg="RPC> gmail.Users.Messages.Get(email=\"me\" id=\"18e8c5b2a0a5358c\") => <nil> 97.429469ms" pid=2051
time="2026-10-07T22:21:32.711-04:00" level=info msg="RPC> gmail.Users.Messages.Get(email=\"me\" id=\"18e85d42b7129e66\") => <nil> 129.226348ms" pid=2051
time="2026-10-07T22:21:32.802-04:00" level=info msg="RPC> gmail.Users.Messages.Get(email=\"me\" id=\"18e85d3d01d39c87\") => <nil> 122.573265ms" pid=2051
time="2026-10-07T22:21:32.819-04:00" level=info msg="RPC> gmail.Users.Messages.Get(email=\"me\" id=\"18e85371561f1be8\") => <nil> 107.48203ms" pid=2051
time="2026-10-07T22:21:32.917-04:00" level=info msg="RPC> gmail.Users.Messages.Get(email=\"me\" id=\"18e84ab90b6e8b18\") => <nil> 114.502507ms" pid=2051
time="2026-10-07T22:21:32.935-04:00" level=info msg="RPC> gmail.Users.Messages.Get(email=\"me\" id=\"18e819edbbb64b39\") => <nil> 115.836875ms" pid=2051
time="2026-10-07T22:21:33.042-04:00" level=info msg="RPC> gmail.Users.Messages.Get(email=\"me\" id=\"18e7c8275c911c60\") => <nil> 125.073333ms" pid=2051
time="2026-10-07T22:21:33.045-04:00" level=info msg="RPC> gmail.Users.Messages.Get(email=\"me\" id=\"18e737fe6c2676d1\") => <nil> 109.591508ms" pid=2051
time="2026-10-07T22:21:33.139-04:00" level=info msg="RPC> gmail.Users.Messages.Get(email=\"me\" id=\"18e5c9b7584b6024\") => <nil> 94.200388ms" pid=2051
time="2026-10-07T22:21:33.171-04:00" level=info msg="RPC> gmail.Users.Messages.Get(email=\"me\" id=\"18e73782a6b828da\") => <nil> 128.904101ms" pid=2051
time="2026-10-07T22:21:33.267-04:00" level=info msg="RPC> gmail.Users.Messages.Get(email=\"me\" id=\"18e5c95bf1345968\") => <nil> 127.704744ms" pid=2051
time="2026-10-07T22:21:33.272-04:00" level=info msg="RPC> gmail.Users.Messages.Get(email=\"me\" id=\"18e5c8410416f45a\") => <nil> 100.57512ms" pid=2051
time="2026-10-07T22:21:33.366-04:00" level=info msg="RPC> gmail.Users.Messages.Get(email=\"me\" id=\"18e54c75ec4d4766\") => <nil> 99.376529ms" pid=2051
time="2026-10-07T22:21:33.413-04:00" level=info msg="RPC> gmail.Users.Messages.Get(email=\"me\" id=\"18e54c026f95224b\") => <nil> 140.705745ms" pid=2051
time="2026-10-07T22:21:33.490-04:00" level=info msg="RPC> gmail.Users.Messages.Get(email=\"me\" id=\"18e519422b97e73a\") => <nil> 122.957438ms" pid=2051
time="2026-10-07T22:21:33.513-04:00" level=info msg="RPC> gmail.Users.Messages.Get(email=\"me\" id=\"18e46d3fa217b284\") => <nil> 100.406938ms" pid=2051
time="2026-10-07T22:21:33.646-04:00" level=info msg="RPC> gmail.Users.Messages.Get(email=\"me\" id=\"18e43cc5b62e6e3e\") => <nil> 156.539491ms" pid=2051
time="2026-10-07T22:21:33.681-04:00" level=info msg="RPC> gmail.Users.Messages.Get(email=\"me\" id=\"18e3bdd51872c1d5\") => <nil> 168.073474ms" pid=2051
time="2026-10-07T22:21:33.742-04:00" level=info msg="RPC> gmail.Users.Messages.Get(email=\"me\" id=\"18e3bd9690f0a6f1\") => <nil> 95.258722ms" pid=2051
time="2026-10-07T22:21:33.774-04:00" level=info msg="RPC> gmail.Users.Messages.Get(email=\"me\" id=\"18e390b39bad941f\") => <nil> 92.746623ms" pid=2051
time="2026-10-07T22:21:33.878-04:00" level=info msg="RPC> gmail.Users.Messages.Get(email=\"me\" id=\"18e2789f1064de59\") => <nil> 135.8609ms" pid=2051
time="2026-10-07T22:21:33.879-04:00" level=info msg="RPC> gmail.Users.Messages.Get(email=\"me\" id=\"18e19fd357b5ac6c\") => <nil> 105.224229ms" pid=2051
time="2026-10-07T22:21:33.975-04:00" level=info msg="RPC> gmail.Users.Messages.Get(email=\"me\" id=\"18e14e939b4aaa83\") => <nil> 97.23623ms" pid=2051
time="2026-10-07T22:21:34.002-04:00" level=info msg="RPC> gmail.Users.Messages.Get(email=\"me\" id=\"18e09aaa5b9bb5bf\") => <nil> 122.44939ms" pid=2051
time="2026-10-07T22:21:34.096-04:00" level=info msg="RPC> gmail.Users.Messages.Get(email=\"me\" id=\"18e078aa07803d55\") => <nil> 121.120214ms" pid=2051
time="2026-10-07T22:21:34.104-04:00" level=info msg="RPC> gmail.Users.Messages.Get(email=\"me\" id=\"18e0764d79a13720\") => <nil> 101.442615ms" pid=2051
time="2026-10-07T22:21:34.221-04:00" level=info msg="RPC> gmail.Users.Messages.Get(email=\"me\" id=\"18e064eb59a49994\") => <nil> 124.804784ms" pid=2051
time="2026-10-07T22:21:34.224-04:00" level=info msg="RPC> gmail.Users.Messages.Get(email=\"me\" id=\"18dfd6431d99adcc\") => <nil> 120.657288ms" pid=2051
time="2026-10-07T22:21:34.326-04:00" level=info msg="RPC> gmail.Users.Messages.Get(email=\"me\" id=\"18ded72c7e5ab51a\") => <nil> 101.185267ms" pid=2051
time="2026-10-07T22:21:34.345-04:00" level=info msg="RPC> gmail.Users.Messages.Get(email=\"me\" id=\"18ded9e7db3e2ba0\") => <nil> 123.682655ms" pid=2051
time="2026-10-07T22:21:34.441-04:00" level=info msg="RPC> gmail.Users.Messages.Get(email=\"me\" id=\"18de73220696036e\") => <nil> 95.604968ms" pid=2051
time="2026-10-07T22:21:34.450-04:00" level=info msg="RPC> gmail.Users.Messages.Get(email=\"me\" id=\"18dea9b69d8e6170\") => <nil> 123.78575ms" pid=2051
time="2026-10-07T22:21:34.529-04:00" level=info msg="RPC> gmail.Users.Messages.Get(email=\"me\" id=\"18de3a945c9f5a3a\") => <nil> 87.502109ms" pid=2051
time="2026-10-07T22:21:34.570-04:00" level=info msg="RPC> gmail.Users.Messages.Get(email=\"me\" id=\"18de3a832569cbe1\") => <nil> 120.06449ms" pid=2051
time="2026-10-07T22:21:34.659-04:00" level=info msg="RPC> gmail.Users.Messages.Get(email=\"me\" id=\"18dd93e81b88fc7a\") => <nil> 130.581588ms" pid=2051
time="2026-10-07T22:21:34.660-04:00" level=info msg="RPC> gmail.Users.Messages.Get(email=\"me\" id=\"18dd60324a420dbe\") => <nil> 89.646455ms" pid=2051
time="2026-10-07T22:21:34.778-04:00" level=info msg="RPC> gmail.Users.Messages.Get(email=\"me\" id=\"18dcd872db9a9371\") => <nil> 118.465361ms" pid=2051
time="2026-10-07T22:21:34.787-04:00" level=info msg="RPC> gmail.Users.Messages.Get(email=\"me\" id=\"18dc9d7e9ba4b7b3\") => <nil> 127.358646ms" pid=2051
time="2026-10-07T22:21:34.922-04:00" level=info msg="RPC> gmail.Users.Messages.Get(email=\"me\" id=\"18dc99c657420501\") => <nil> 143.561255ms" pid=2051
time="2026-10-07T22:21:34.922-04:00" level=info msg="RPC> gmail.Users.Messages.Get(email=\"me\" id=\"18dc8a609855eccd\") => <nil> 134.336586ms" pid=2051
time="2026-10-07T22:21:35.036-04:00" level=info msg="RPC> gmail.Users.Messages.Get(email=\"me\" id=\"18dc48c50dcd6bcf\") => <nil> 113.950397ms" pid=2051
time="2026-10-07T22:21:35.049-04:00" level=info msg="RPC> gmail.Users.Messages.Get(email=\"me\" id=\"18dc4b01f706391f\") => <nil> 127.262535ms" pid=2051
time="2026-10-07T22:21:35.140-04:00" level=info msg="RPC> gmail.Users.Messages.Get(email=\"me\" id=\"18dbf6da6554e1b3\") => <nil> 104.128631ms" pid=2051
time="2026-10-07T22:21:35.173-04:00" level=info msg="RPC> gmail.Users.Messages.Get(email=\"me\" id=\"18dbd588f4d5792b\") => <nil> 123.747216ms" pid=2051
time="2026-10-07T22:21:35.262-04:00" level=info msg="RPC> gmail.Users.Messages.Get(email=\"me\" id=\"18db205fa666fd6f\") => <nil> 89.015638ms" pid=2051
time="2026-10-07T22:21:35.272-04:00" level=info msg="RPC> gmail.Users.Messages.Get(email=\"me\" id=\"18dbc3df36221c33\") => <nil> 132.011963ms" pid=2051
time="2026-10-07T22:21:35.362-04:00" level=info msg="RPC> gmail.Users.Messages.Get(email=\"me\" id=\"18daf0aa0e9a715c\") => <nil> 99.833618ms" pid=2051
time="2026-10-07T22:21:35.363-04:00" level=info msg="RPC> gmail.Users.Messages.Get(email=\"me\" id=\"18daf05a8a414d8d\") => <nil> 90.134714ms" pid=2051
time="2026-10-07T22:21:35.487-04:00" level=info msg="RPC> gmail.Users.Messages.Get(email=\"me\" id=\"18da8f2f30978d70\") => <nil> 124.598325ms" pid=2051
time="2026-10-07T22:21:35.495-04:00" level=info msg="RPC> gmail.Users.Messages.Get(email=\"me\" id=\"18da9bfc704157db\") => <nil> 132.99837ms" pid=2051
time="2026-10-07T22:21:35.589-04:00" level=info msg="RPC> gmail.Users.Messages.Get(email=\"me\" id=\"18da5f4581df1fbb\") => <nil> 101.55923ms" pid=2051
time="2026-10-07T22:21:35.630-04:00" level=info msg="RPC> gmail.Users.Messages.Get(email=\"me\" id=\"18da5f186b943a3f\") => <nil> 134.440606ms" pid=2051
time="2026-10-07T22:21:35.676-04:00" level=info msg="RPC> gmail.Users.Messages.Get(email=\"me\" id=\"18d9e35c376af369\") => <nil> 86.742261ms" pid=2051
time="2026-10-07T22:21:35.753-04:00" level=info msg="RPC> gmail.Users.Messages.Get(email=\"me\" id=\"18d9e2459ffbdf36\") => <nil> 122.602821ms" pid=2051
time="2026-10-07T22:21:35.837-04:00" level=info msg="RPC> gmail.Users.Messages.Get(email=\"me\" id=\"18d95728579aa656\") => <nil> 160.676717ms" pid=2051
time="2026-10-07T22:21:35.880-04:00" level=info msg="RPC> gmail.Users.Messages.Get(email=\"me\" id=\"18d8df41561bfdf4\") => <nil> 127.140465ms" pid=2051
time="2026-10-07T22:21:35.920-04:00" level=info msg="RPC> gmail.Users.Messages.Get(email=\"me\" id=\"18d8111b14d64bc4\") => <nil> 83.457245ms" pid=2051
time="2026-10-07T22:21:35.982-04:00" level=info msg="RPC> gmail.Users.Messages.Get(email=\"me\" id=\"18d7d00130c6724d\") => <nil> 101.942582ms" pid=2051
time="2026-10-07T22:21:36.041-04:00" level=info msg="RPC> gmail.Users.Messages.Get(email=\"me\" id=\"18d722f4a7cff436\") => <nil> 120.018989ms" pid=2051
time="2026-10-07T22:21:36.105-04:00" level=info msg="RPC> gmail.Users.Messages.Get(email=\"me\" id=\"18d714c045a8e434\") => <nil> 122.990789ms" pid=2051
time="2026-10-07T22:21:36.140-04:00" level=info msg="RPC> gmail.Users.Messages.Get(email=\"me\" id=\"18d655766cfc7f8c\") => <nil> 98.991052ms" pid=2051
time="2026-10-07T22:21:36.230-04:00" level=info msg="RPC> gmail.Users.Messages.Get(email=\"me\" id=\"18d5d4ff1dcce1d0\") => <nil> 124.437168ms" pid=2051
time="2026-10-07T22:21:36.233-04:00" level=info msg="RPC> gmail.Users.Messages.Get(email=\"me\" id=\"18d58330197e3bff\") => <nil> 92.713243ms" pid=2051
time="2026-10-07T22:21:36.320-04:00" level=info msg="RPC> gmail.Users.Messages.Get(email=\"me\" id=\"18d4404f6762c6e2\") => <nil> 87.240222ms" pid=2051
time="2026-10-07T22:21:36.329-04:00" level=info msg="RPC> gmail.Users.Messages.Get(email=\"me\" id=\"18d528ec41419909\") => <nil> 99.605269ms" pid=2051
time="2026-10-07T22:21:36.431-04:00" level=info msg="RPC> gmail.Users.Messages.Get(email=\"me\" id=\"18d39217e48d429b\") => <nil> 101.724357ms" pid=2051
time="2026-10-07T22:21:36.440-04:00" level=info msg="RPC> gmail.Users.Messages.Get(email=\"me\" id=\"18d39592be5f7049\") => <nil> 119.716782ms" pid=2051
time="2026-10-07T22:21:36.521-04:00" level=info msg="RPC> gmail.Users.Messages.Get(email=\"me\" id=\"18d347142390fe1a\") => <nil> 89.716052ms" pid=2051
time="2026-10-07T22:21:36.558-04:00" level=info msg="RPC> gmail.Users.Messages.Get(email=\"me\" id=\"18d345ad0ba269dc\") => <nil> 118.315817ms" pid=2051
time="2026-10-07T22:21:36.609-04:00" level=info msg="RPC> gmail.Users.Messages.Get(email=\"me\" id=\"18d2f7f1a0107eaf\") => <nil> 87.873185ms" pid=2051
time="2026-10-07T22:21:36.657-04:00" level=info msg="RPC> gmail.Users.Messages.Get(email=\"me\" id=\"18d2f7d51d5c954d\") => <nil> 98.612885ms" pid=2051
time="2026-10-07T22:21:36.731-04:00" level=info msg="RPC> gmail.Users.Messages.Get(email=\"me\" id=\"18d2f79bad13c498\") => <nil> 121.797336ms" pid=2051
time="2026-10-07T22:21:36.749-04:00" level=info msg="RPC> gmail.Users.Messages.Get(email=\"me\" id=\"18d2f74b9605efce\") => <nil> 91.462475ms" pid=2051
time="2026-10-07T22:21:36.831-04:00" level=info msg="RPC> gmail.Users.Messages.Get(email=\"me\" id=\"18d2a3d73f207a46\") => <nil> 99.639697ms" pid=2051
time="2026-10-07T22:21:36.866-04:00" level=info msg="RPC> gmail.Users.Messages.Get(email=\"me\" id=\"18d28e87dba4076a\") => <nil> 117.011061ms" pid=2051
time="2026-10-07T22:21:36.962-04:00" level=info msg="RPC> gmail.Users.Messages.Get(email=\"me\" id=\"18d1fa72619fb702\") => <nil> 96.111323ms" pid=2051
time="2026-10-07T22:21:36.999-04:00" level=info msg="RPC> gmail.Users.Messages.Get(email=\"me\" id=\"18d1fa8df0a9442d\") => <nil> 167.371288ms" pid=2051
time="2026-10-07T22:21:37.064-04:00" level=info msg="RPC> gmail.Users.Messages.Get(email=\"me\" id=\"18d15530709b4841\") => <nil> 101.494963ms" pid=2051
time="2026-10-07T22:21:37.090-04:00" level=info msg="RPC> gmail.Users.Messages.Get(email=\"me\" id=\"18d154fadfd3c6c6\") => <nil> 90.721284ms" pid=2051
time="2026-10-07T22:21:37.161-04:00" level=info msg="RPC> gmail.Users.Messages.Get(email=\"me\" id=\"18d153f62cfadc6e\") => <nil> 97.138615ms" pid=2051
time="2026-10-07T22:21:37.183-04:00" level=info msg="RPC> gmail.Users.Messages.Get(email=\"me\" id=\"18d152814942fb8d\") => <nil> 93.646414ms" pid=2051
time="2026-10-07T22:21:37.282-04:00" level=info msg="RPC> gmail.Users.Messages.Get(email=\"me\" id=\"18d150d99714be00\") => <nil> 99.017704ms" pid=2051
time="2026-10-07T22:21:37.284-04:00" level=info msg="RPC> gmail.Users.Messages.Get(email=\"me\" id=\"18d151b7018ce82c\") => <nil> 122.359082ms" pid=2051
time="2026-10-07T22:21:37.381-04:00" level=info msg="RPC> gmail.Users.Messages.Get(email=\"me\" id=\"18d14bfa8cb90306\") => <nil> 98.789716ms" pid=2051
time="2026-10-07T22:21:37.390-04:00" level=info msg="RPC> gmail.Users.Messages.Get(email=\"me\" id=\"18d0b05c33ffd4f9\") => <nil> 105.99554ms" pid=2051
time="2026-10-07T22:21:37.477-04:00" level=info msg="RPC> gmail.Users.Messages.Get(email=\"me\" id=\"18d0a2283ac6df7e\") => <nil> 87.308287ms" pid=2051
time="2026-10-07T22:21:37.506-04:00" level=info msg="RPC> gmail.Users.Messages.Get(email=\"me\" id=\"18d0a44d29ecb68a\") => <nil> 124.405799ms" pid=2051
time="2026-10-07T22:21:37.606-04:00" level=info msg="RPC> gmail.Users.Messages.Get(email=\"me\" id=\"18d09c2f32c472e1\") => <nil> 128.239256ms" pid=2051
time="2026-10-07T22:21:37.647-04:00" level=info msg="RPC> gmail.Users.Messages.Get(email=\"me\" id=\"18d06210f0cb063d\") => <nil> 141.054441ms" pid=2051
time="2026-10-07T22:21:37.706-04:00" level=info msg="RPC> gmail.Users.Messages.Get(email=\"me\" id=\"18d04a903dfd8791\") => <nil> 100.156531ms" pid=2051
time="2026-10-07T22:21:37.756-04:00" level=info msg="RPC> gmail.Users.Messages.Get(email=\"me\" id=\"18ceaa6f9608bd17\") => <nil> 108.317295ms" pid=2051
time="2026-10-07T22:21:37.816-04:00" level=info msg="RPC> gmail.Users.Messages.Get(email=\"me\" id=\"18ce70f252195437\") => <nil> 109.557204ms" pid=2051
time="2026-10-07T22:21:37.879-04:00" level=info msg="RPC> gmail.Users.Messages.Get(email=\"me\" id=\"18ce70cc087c8ae8\") => <nil> 123.558651ms" pid=2051
time="2026-10-07T22:21:37.913-04:00" level=info msg="RPC> gmail.Users.Messages.Get(email=\"me\" id=\"18ce6f929d27b86e\") => <nil> 96.653841ms" pid=2051
time="2026-10-07T22:21:38.005-04:00" level=info msg="RPC> gmail.Users.Messages.Get(email=\"me\" id=\"18ce6f0048f8639c\") => <nil> 125.86218ms" pid=2051
time="2026-10-07T22:21:38.030-04:00" level=info msg="RPC> gmail.Users.Messages.Get(email=\"me\" id=\"18ce6edac468cb99\") => <nil> 117.019823ms" pid=2051
time="2026-10-07T22:21:38.125-04:00" level=info msg="RPC> gmail.Users.Messages.Get(email=\"me\" id=\"18ce6ec7ac6c98fe\") => <nil> 119.725911ms" pid=2051
time="2026-10-07T22:21:38.150-04:00" level=info msg="RPC> gmail.Users.Messages.Get(email=\"me\" id=\"18ce6da56d21ff35\") => <nil> 120.390968ms" pid=2051
time="2026-10-07T22:21:38.217-04:00" level=info msg="RPC> gmail.Users.Messages.Get(email=\"me\" id=\"18ce6ce791a91c1b\") => <nil> 91.917698ms" pid=2051
time="2026-10-07T22:21:38.272-04:00" level=info msg="RPC> gmail.Users.Messages.Get(email=\"me\" id=\"18ce6c249e596d17\") => <nil> 121.815408ms" pid=2051
time="2026-10-07T22:21:38.313-04:00" level=info msg="RPC> gmail.Users.Messages.Get(email=\"me\" id=\"18ce62af27fbc440\") => <nil> 95.211882ms" pid=2051
time="2026-10-07T22:21:38.398-04:00" level=info msg="RPC> gmail.Users.Messages.Get(email=\"me\" id=\"18ce42f3e0a31c37\") => <nil> 125.763517ms" pid=2051
time="2026-10-07T22:21:38.409-04:00" level=info msg="RPC> gmail.Users.Messages.Get(email=\"me\" id=\"18cd12736274122c\") => <nil> 95.930649ms" pid=2051
time="2026-10-07T22:21:38.537-04:00" level=info msg="RPC> gmail.Users.Messages.Get(email=\"me\" id=\"18c8526d01df6ec0\") => <nil> 138.70593ms" pid=2051
time="2026-10-07T22:21:38.568-04:00" level=info msg="RPC> gmail.Users.Messages.Get(email=\"me\" id=\"18c7b60ee2720e48\") => <nil> 159.613014ms" pid=2051
time="2026-10-07T22:21:38.638-04:00" level=info msg="RPC> gmail.Users.Messages.Get(email=\"me\" id=\"18c73a3786b40d22\") => <nil> 100.818496ms" pid=2051
time="2026-10-07T22:21:38.686-04:00" level=info msg="RPC> gmail.Users.Messages.Get(email=\"me\" id=\"18c73764efc045d1\") => <nil> 117.088329ms" pid=2051
time="2026-10-07T22:21:38.739-04:00" level=info msg="RPC> gmail.Users.Messages.Get(email=\"me\" id=\"18c5c3832c82d0b5\") => <nil> 100.441388ms" pid=2051
time="2026-10-07T22:21:38.804-04:00" level=info msg="RPC> gmail.Users.Messages.Get(email=\"me\" id=\"18c56c2ff765e375\") => <nil> 118.731235ms" pid=2051
time="2026-10-07T22:21:38.862-04:00" level=info msg="RPC> gmail.Users.Messages.Get(email=\"me\" id=\"18c56c1c33db93a2\") => <nil> 123.545703ms" pid=2051
time="2026-10-07T22:21:38.887-04:00" level=info msg="History for 2307342 INBOX" pid=2051
time="2026-10-07T22:21:38.894-04:00" level=info msg="RPC> gmail.Users.Messages.Get(email=\"me\" id=\"18c56ae2215ea257\") => <nil> 89.573158ms" pid=2051
time="2026-10-07T22:21:38.986-04:00" level=info msg="RPC> gmail.Users.Messages.Get(email=\"me\" id=\"18c47bcab30b3d11\") => <nil> 123.823176ms" pid=2051
time="2026-10-07T22:21:39.007-04:00" level=info msg="RPC> gmail.Users.Messages.Get(email=\"me\" id=\"18c3bbe1773ce0e8\") => <nil> 112.5862ms" pid=2051
time="2026-10-07T22:21:39.008-04:00" level=info msg="RPC> gmail.Users.History.List(email=\"me\" historyID=2307342 labelID=\"INBOX\") => <nil> 120.895933ms" pid=2051
time="2026-10-07T22:21:39.008-04:00" level=info msg="No history since last check" pid=2051
time="2026-10-07T22:21:39.008-04:00" level=info msg="History check took 121.170329ms" pid=2051
time="2026-10-07T22:21:39.108-04:00" level=info msg="RPC> gmail.Users.Messages.Get(email=\"me\" id=\"18c37545d81f2629\") => <nil> 121.848355ms" pid=2051
time="2026-10-07T22:21:39.121-04:00" level=info msg="RPC> gmail.Users.Messages.Get(email=\"me\" id=\"18c3742a8a1fe668\") => <nil> 113.635747ms" pid=2051
time="2026-10-07T22:21:39.216-04:00" level=info msg="RPC> gmail.Users.Messages.Get(email=\"me\" id=\"18c2897176b1e40f\") => <nil> 95.562322ms" pid=2051
time="2026-10-07T22:21:39.245-04:00" level=info msg="RPC> gmail.Users.Messages.Get(email=\"me\" id=\"18c2d02f63945f78\") => <nil> 136.876529ms" pid=2051
time="2026-10-07T22:21:39.335-04:00" level=info msg="RPC> gmail.Users.Messages.Get(email=\"me\" id=\"18c25365eeaca1f0\") => <nil> 118.357919ms" pid=2051
time="2026-10-07T22:21:39.341-04:00" level=info msg="RPC> gmail.Users.Messages.Get(email=\"me\" id=\"18c1d19b75c78ce7\") => <nil> 95.764806ms" pid=2051
time="2026-10-07T22:21:39.436-04:00" level=info msg="RPC> gmail.Users.Messages.Get(email=\"me\" id=\"18c13e8aa1c33b7f\") => <nil> 94.588271ms" pid=2051
time="2026-10-07T22:21:39.468-04:00" level=info msg="RPC> gmail.Users.Messages.Get(email=\"me\" id=\"18c17a4f19dd7224\") => <nil> 132.633801ms" pid=2051
time="2026-10-07T22:21:39.537-04:00" level=info msg="RPC> gmail.Users.Messages.Get(email=\"me\" id=\"18c13ace1e3cefa0\") => <nil> 100.954722ms" pid=2051
time="2026-10-07T22:21:39.568-04:00" level=info msg="RPC> gmail.Users.Messages.Get(email=\"me\" id=\"18c0e874e50e08d7\") => <nil> 100.41012ms" pid=2051
time="2026-10-07T22:21:39.660-04:00" level=info msg="RPC> gmail.Users.Messages.Get(email=\"me\" id=\"18c0843f8e8bc47c\") => <nil> 122.836885ms" pid=2051
time="2026-10-07T22:21:39.663-04:00" level=info msg="RPC> gmail.Users.Messages.Get(email=\"me\" id=\"18c01f0222e8d700\") => <nil> 95.071641ms" pid=2051
time="2026-10-07T22:21:39.782-04:00" level=info msg="RPC> gmail.Users.Messages.Get(email=\"me\" id=\"18bf44433c5ad162\") => <nil> 118.925252ms" pid=2051
time="2026-10-07T22:21:39.812-04:00" level=info msg="RPC> gmail.Users.Messages.Get(email=\"me\" id=\"18bf782b5af41854\") => <nil> 152.179028ms" pid=2051
time="2026-10-07T22:21:40.030-04:00" level=info msg="RPC> gmail.Users.Messages.Get(email=\"me\" id=\"18bf42f372c89d69\") => <nil> 248.071117ms" pid=2051
time="2026-10-07T22:21:40.030-04:00" level=info msg="RPC> gmail.Users.Messages.Get(email=\"me\" id=\"18bed9668161ac7f\") => <nil> 218.027409ms" pid=2051
time="2026-10-07T22:21:40.171-04:00" level=info msg="RPC> gmail.Users.Messages.Get(email=\"me\" id=\"18bed0363e03b573\") => <nil> 140.330043ms" pid=2051
time="2026-10-07T22:21:40.176-04:00" level=info msg="RPC> gmail.Users.Messages.Get(email=\"me\" id=\"18bed072322c234d\") => <nil> 145.864017ms" pid=2051
time="2026-10-07T22:21:40.272-04:00" level=info msg="RPC> gmail.Users.Messages.Get(email=\"me\" id=\"18bb6ba064862f03\") => <nil> 95.0368ms" pid=2051
time="2026-10-07T22:21:40.292-04:00" level=info msg="RPC> gmail.Users.Messages.Get(email=\"me\" id=\"18bba7e4cd1fc539\") => <nil> 120.518072ms" pid=2051
time="2026-10-07T22:21:40.315-04:00" level=info msg="Running OpenMessageView" pid=2518
time="2026-10-07T22:21:40.315-04:00" level=info msg="Got full message in 2.311µs" pid=2518
time="2026-10-07T22:21:40.315-04:00" level=info msg="Message arrived" pid=2518
time="2026-10-07T22:21:40.405-04:00" level=info msg="RPC> gmail.Users.Messages.Get(email=\"me\" id=\"18bb44e4ed0fe7ab\") => <nil> 133.609537ms" pid=2051
time="2026-10-07T22:21:40.427-04:00" level=info msg="RPC> gmail.Users.Messages.Get(email=\"me\" id=\"18bad0bd67287ab2\") => <nil> 135.111775ms" pid=2051
time="2026-10-07T22:21:40.547-04:00" level=info msg="RPC> gmail.Users.Messages.Get(email=\"me\" id=\"18ba5b494b77c2b7\") => <nil> 141.590513ms" pid=2051
time="2026-10-07T22:21:40.585-04:00" level=info msg="RPC> gmail.Users.Messages.Get(email=\"me\" id=\"18b9da530e802097\") => <nil> 158.25362ms" pid=2051
time="2026-10-07T22:21:40.639-04:00" level=info msg="RPC> gmail.Users.Messages.Get(email=\"me\" id=\"18b91ec44316162c\") => <nil> 91.332016ms" pid=2051
time="2026-10-07T22:21:40.697-04:00" level=info msg="RPC> gmail.Users.Messages.Get(email=\"me\" id=\"18b91bade6e2c3f1\") => <nil> 111.023359ms" pid=2051
time="2026-10-07T22:21:40.762-04:00" level=info msg="RPC> gmail.Users.Messages.Get(email=\"me\" id=\"18b8735cb0084d22\") => <nil> 122.804544ms" pid=2051
time="2026-10-07T22:21:40.835-04:00" level=info msg="RPC> gmail.Users.Messages.Get(email=\"me\" id=\"18b87334ae07060d\") => <nil> 137.900666ms" pid=2051
time="2026-10-07T22:21:40.851-04:00" level=info msg="RPC> gmail.Users.Messages.Get(email=\"me\" id=\"18b872afa21b6557\") => <nil> 89.742335ms" pid=2051
time="2026-10-07T22:21:40.962-04:00" level=info msg="RPC> gmail.Users.Messages.Get(email=\"me\" id=\"18b872a6fca9c44d\") => <nil> 127.549445ms" pid=2051
time="2026-10-07T22:21:40.984-04:00" level=info msg="RPC> gmail.Users.Messages.Get(email=\"me\" id=\"18b8234bca45e402\") => <nil> 132.497204ms" pid=2051
time="2026-10-07T22:21:41.070-04:00" level=info msg="RPC> gmail.Users.Messages.Get(email=\"me\" id=\"18b7bb11e2e3e40d\") => <nil> 108.212021ms" pid=2051
time="2026-10-07T22:21:41.101-04:00" level=info msg="RPC> gmail.Users.Messages.Get(email=\"me\" id=\"18b73330e4440a66\") => <nil> 117.038943ms" pid=2051
time="2026-10-07T22:21:41.185-04:00" level=info msg="RPC> gmail.Users.Messages.Get(email=\"me\" id=\"18b73213d2ebc984\") => <nil> 114.55841ms" pid=2051
time="2026-10-07T22:21:41.206-04:00" level=info msg="RPC> gmail.Users.Messages.Get(email=\"me\" id=\"18b649c291632b12\") => <nil> 105.186447ms" pid=2051
time="2026-10-07T22:21:41.306-04:00" level=info msg="RPC> gmail.Users.Messages.Get(email=\"me\" id=\"18b63fa8a7aee7b9\") => <nil> 120.706709ms" pid=2051
time="2026-10-07T22:21:41.329-04:00" level=info msg="RPC> gmail.Users.Messages.Get(email=\"me\" id=\"18b63abc5a52532c\") => <nil> 122.330121ms" pid=2051
time="2026-10-07T22:21:41.361-04:00" level=info msg="Running OpenMessageView" pid=2518
time="2026-10-07T22:21:41.361-04:00" level=info msg="Got full message in 2.958µs" pid=2518
time="2026-10-07T22:21:41.361-04:00" level=info msg="Message arrived" pid=2518
time="2026-10-07T22:21:41.423-04:00" level=info msg="RPC> gmail.Users.Messages.Get(email=\"me\" id=\"18b6316e2ce2d3f7\") => <nil> 94.086519ms" pid=2051
time="2026-10-07T22:21:41.435-04:00" level=info msg="RPC> gmail.Users.Messages.Get(email=\"me\" id=\"18b635a919791a3b\") => <nil> 128.343111ms" pid=2051
time="2026-10-07T22:21:41.529-04:00" level=info msg="RPC> gmail.Users.Messages.Get(email=\"me\" id=\"18b5a39a00bb0c86\") => <nil> 93.859014ms" pid=2051
time="2026-10-07T22:21:41.553-04:00" level=info msg="RPC> gmail.Users.Messages.Get(email=\"me\" id=\"18b63107e7b03b5a\") => <nil> 129.870064ms" pid=2051
time="2026-10-07T22:21:41.637-04:00" level=info msg="RPC> gmail.Users.Messages.Get(email=\"me\" id=\"18b58bdcebee43d9\") => <nil> 108.294985ms" pid=2051
time="2026-10-07T22:21:41.643-04:00" level=info msg="RPC> gmail.Users.Messages.Get(email=\"me\" id=\"18b48dbb3fd22ebb\") => <nil> 89.553599ms" pid=2051
time="2026-10-07T22:21:41.713-04:00" level=info msg="Running OpenMessageView" pid=2518
time="2026-10-07T22:21:41.713-04:00" level=info msg="Got full message in 2.624µs" pid=2518
time="2026-10-07T22:21:41.714-04:00" level=info msg="Message arrived" pid=2518
time="2026-10-07T22:21:41.758-04:00" level=info msg="RPC> gmail.Users.Messages.Get(email=\"me\" id=\"18b48d95ca5d3516\") => <nil> 120.702057ms" pid=2051
time="2026-10-07T22:21:41.773-04:00" level=info msg="RPC> gmail.Users.Messages.Get(email=\"me\" id=\"18b3634ba54206be\") => <nil> 130.227372ms" pid=2051
time="2026-10-07T22:21:41.852-04:00" level=info msg="RPC> gmail.Users.Messages.Get(email=\"me\" id=\"18b24a4f1adf4055\") => <nil> 93.773449ms" pid=2051
time="2026-10-07T22:21:41.872-04:00" level=info msg="RPC> gmail.Users.Messages.Get(email=\"me\" id=\"18b1a5df3f163593\") => <nil> 98.571568ms" pid=2051
time="2026-10-07T22:21:41.981-04:00" level=info msg="RPC> gmail.Users.Messages.Get(email=\"me\" id=\"18b14e0115efa380\") => <nil> 129.33925ms" pid=2051
time="2026-10-07T22:21:41.984-04:00" level=info msg="RPC> gmail.Users.Messages.Get(email=\"me\" id=\"18b0fc282a835dcf\") => <nil> 111.750613ms" pid=2051
time="2026-10-07T22:21:42.044-04:00" level=info msg="Running OpenMessageView" pid=2518
time="2026-10-07T22:21:42.045-04:00" level=info msg="Got full message in 1.597µs" pid=2518
time="2026-10-07T22:21:42.045-04:00" level=info msg="Message arrived" pid=2518
time="2026-10-07T22:21:42.078-04:00" level=info msg="RPC> gmail.Users.Messages.Get(email=\"me\" id=\"18b0fc193a46c57d\") => <nil> 97.050001ms" pid=2051
time="2026-10-07T22:21:42.087-04:00" level=info msg="RPC> gmail.Users.Messages.Get(email=\"me\" id=\"18b0fbdf32c81e7f\") => <nil> 103.202736ms" pid=2051
time="2026-10-07T22:21:42.183-04:00" level=info msg="RPC> gmail.Users.Messages.Get(email=\"me\" id=\"18afc4160dc021fe\") => <nil> 95.936043ms" pid=2051
time="2026-10-07T22:21:42.219-04:00" level=info msg="RPC> gmail.Users.Messages.Get(email=\"me\" id=\"18b00a57dae03cd7\") => <nil> 140.786818ms" pid=2051
time="2026-10-07T22:21:42.311-04:00" level=info msg="RPC> gmail.Users.Messages.Get(email=\"me\" id=\"18ae91ada9ea3c52\") => <nil> 91.144301ms" pid=2051
time="2026-10-07T22:21:42.313-04:00" level=info msg="RPC> gmail.Users.Messages.Get(email=\"me\" id=\"18af0b23c107bb9e\") => <nil> 129.64671ms" pid=2051
time="2026-10-07T22:21:42.370-04:00" level=info msg="Running OpenMessageView" pid=2518
time="2026-10-07T22:21:42.370-04:00" level=info msg="Got full message in 1.974µs" pid=2518
time="2026-10-07T22:21:42.370-04:00" level=info msg="Message arrived" pid=2518
time="2026-10-07T22:21:42.410-04:00" level=info msg="RPC> gmail.Users.Messages.Get(email=\"me\" id=\"18ae9096ec7ec622\") => <nil> 99.675153ms" pid=2051
time="2026-10-07T22:21:42.443-04:00" level=info msg="RPC> gmail.Users.Messages.Get(email=\"me\" id=\"18ae8f774e479c52\") => <nil> 129.863247ms" pid=2051
time="2026-10-07T22:21:42.510-04:00" level=info msg="RPC> gmail.Users.Messages.Get(email=\"me\" id=\"18ae8eb95516d87b\") => <nil> 99.108177ms" pid=2051
time="2026-10-07T22:21:42.545-04:00" level=info msg="RPC> gmail.Users.Messages.Get(email=\"me\" id=\"18ae42e5631e3758\") => <nil> 101.451711ms" pid=2051
time="2026-10-07T22:21:42.615-04:00" level=info msg="RPC> gmail.Users.Messages.Get(email=\"me\" id=\"18add7503e0ce06c\") => <nil> 104.726012ms" pid=2051
time="2026-10-07T22:21:42.651-04:00" level=info msg="RPC> gmail.Users.Messages.Get(email=\"me\" id=\"18ab0af9bfd499ad\") => <nil> 105.779809ms" pid=2051
time="2026-10-07T22:21:42.660-04:00" level=info msg="Running OpenMessageView" pid=2518
time="2026-10-07T22:21:42.743-04:00" level=info msg="RPC> gmail.Users.Messages.Get(email=\"me\" id=\"18aab7fccb301b3d\") => <nil> 128.19453ms" pid=2051
time="2026-10-07T22:21:42.755-04:00" level=info msg="RPC> gmail.Users.Messages.Get(email=\"me\" id=\"18aa48de6b43f032\") => <nil> 104.682921ms" pid=2051
time="2026-10-07T22:21:42.783-04:00" level=info msg="RPC> gmail.Users.Messages.Get(email=\"me\" msgID=1a02638dcbe2ed73 level=full) => <nil> 122.475972ms" pid=2518
time="2026-10-07T22:21:42.783-04:00" level=info msg="Message is type \"multipart/alternative\"" pid=2518
time="2026-10-07T22:21:42.805-04:00" level=info msg="Rendered HTML in 21.955175ms" pid=2518
time="2026-10-07T22:21:42.805-04:00" level=info msg="Message is type \"multipart/alternative\"" pid=2518
time="2026-10-07T22:21:42.823-04:00" level=info msg="Rendered HTML in 17.959604ms" pid=2518
time="2026-10-07T22:21:42.823-04:00" level=info msg="Got full message in 163.171527ms" pid=2518
time="2026-10-07T22:21:42.823-04:00" level=info msg="Message arrived" pid=2518
time="2026-10-07T22:21:42.848-04:00" level=info msg="RPC> gmail.Users.Messages.Get(email=\"me\" id=\"18a9b8a0cf9fa584\") => <nil> 104.880526ms" pid=2051
time="2026-10-07T22:21:42.867-04:00" level=info msg="RPC> gmail.Users.Messages.Get(email=\"me\" id=\"18a9af3c55f816df\") => <nil> 111.066364ms" pid=2051
time="2026-10-07T22:21:42.950-04:00" level=info msg="RPC> gmail.Users.Messages.Get(email=\"me\" id=\"18a9ae460c11e27f\") => <nil> 102.208111ms" pid=2051
time="2026-10-07T22:21:42.960-04:00" level=info msg="RPC> gmail.Users.Messages.Get(email=\"me\" id=\"18a8e7e44fd8d36e\") => <nil> 93.374244ms" pid=2051
time="2026-10-07T22:21:43.061-04:00" level=info msg="RPC> gmail.Users.Messages.Get(email=\"me\" id=\"18a7039dc484f877\") => <nil> 101.246001ms" pid=2051
time="2026-10-07T22:21:43.082-04:00" level=info msg="RPC> gmail.Users.Messages.Get(email=\"me\" id=\"18a7f0bfe4012dd2\") => <nil> 131.561041ms" pid=2051
time="2026-10-07T22:21:43.155-04:00" level=info msg="RPC> gmail.Users.Messages.Get(email=\"me\" id=\"18a6bcf67529f503\") => <nil> 93.446749ms" pid=2051
time="2026-10-07T22:21:43.196-04:00" level=info msg="RPC> gmail.Users.Messages.Get(email=\"me\" id=\"18a6b809fabc0096\") => <nil> 113.556717ms" pid=2051
time="2026-10-07T22:21:43.216-04:00" level=info msg="Running OpenMessageView" pid=2518
time="2026-10-07T22:21:43.286-04:00" level=info msg="RPC> gmail.Users.Messages.Get(email=\"me\" id=\"18a6086fa8a1cc03\") => <nil> 130.825887ms" pid=2051
time="2026-10-07T22:21:43.330-04:00" level=info msg="RPC> gmail.Users.Messages.Get(email=\"me\" id=\"18a5d3668cea5e24\") => <nil> 134.257764ms" pid=2051
time="2026-10-07T22:21:43.354-04:00" level=info msg="RPC> gmail.Users.Messages.Get(email=\"me\" msgID=1a0b6cc6c3e44b00 level=full) => <nil> 137.439875ms" pid=2518
time="2026-10-07T22:21:43.354-04:00" level=info msg="Message is type \"multipart/alternative\"" pid=2518
time="2026-10-07T22:21:43.389-04:00" level=info msg="RPC> gmail.Users.Messages.Get(email=\"me\" id=\"18a5d35917f61325\") => <nil> 102.490301ms" pid=2051
time="2026-10-07T22:21:43.404-04:00" level=info msg="Rendered HTML in 50.327912ms" pid=2518
time="2026-10-07T22:21:43.404-04:00" level=info msg="Message is type \"multipart/alternative\"" pid=2518
time="2026-10-07T22:21:43.421-04:00" level=info msg="Rendered HTML in 16.214697ms" pid=2518
time="2026-10-07T22:21:43.421-04:00" level=info msg="Got full message in 204.443871ms" pid=2518
time="2026-10-07T22:21:43.421-04:00" level=info msg="Message arrived" pid=2518
time="2026-10-07T22:21:43.430-04:00" level=info msg="RPC> gmail.Users.Messages.Get(email=\"me\" id=\"18a50f469c4b73ca\") => <nil> 99.436021ms" pid=2051
time="2026-10-07T22:21:43.507-04:00" level=info msg="RPC> gmail.Users.Messages.Get(email=\"me\" id=\"18a49c0c9b6c9264\") => <nil> 118.267425ms" pid=2051
time="2026-10-07T22:21:43.559-04:00" level=info msg="RPC> gmail.Users.Messages.Get(email=\"me\" id=\"18a46e0261130c38\") => <nil> 129.096264ms" pid=2051
time="2026-10-07T22:21:43.602-04:00" level=info msg="RPC> gmail.Users.Messages.Get(email=\"me\" id=\"18a46d5ba02804be\") => <nil> 95.037042ms" pid=2051
time="2026-10-07T22:21:43.669-04:00" level=info msg="RPC> gmail.Users.Messages.Get(email=\"me\" id=\"18a46d456988cb09\") => <nil> 109.756946ms" pid=2051
time="2026-10-07T22:21:43.741-04:00" level=info msg="RPC> gmail.Users.Messages.Get(email=\"me\" id=\"18a446f61208232f\") => <nil> 138.888122ms" pid=2051
time="2026-10-07T22:21:43.742-04:00" level=info msg="Running OpenMessageView" pid=2518
time="2026-10-07T22:21:43.766-04:00" level=info msg="RPC> gmail.Users.Messages.Get(email=\"me\" id=\"18a3ca112facc3d9\") => <nil> 96.738679ms" pid=2051
time="2026-10-07T22:21:43.839-04:00" level=info msg="RPC> gmail.Users.Messages.Get(email=\"me\" id=\"18a3c9ac8952f4c9\") => <nil> 97.54338ms" pid=2051
time="2026-10-07T22:21:43.858-04:00" level=info msg="RPC> gmail.Users.Messages.Get(email=\"me\" id=\"18a3c9330d6db299\") => <nil> 92.301958ms" pid=2051
time="2026-10-07T22:21:43.884-04:00" level=info msg="RPC> gmail.Users.Messages.Get(email=\"me\" msgID=1a0eab0d7a62f4ba level=full) => <nil> 141.452029ms" pid=2518
time="2026-10-07T22:21:43.884-04:00" level=info msg="Message is type \"multipart/alternative\"" pid=2518
time="2026-10-07T22:21:43.933-04:00" level=info msg="Rendered HTML in 48.181772ms" pid=2518
time="2026-10-07T22:21:43.933-04:00" level=info msg="Message is type \"multipart/alternative\"" pid=2518
time="2026-10-07T22:21:43.937-04:00" level=info msg="RPC> gmail.Users.Messages.Get(email=\"me\" id=\"18a3a0423f3b9506\") => <nil> 97.704592ms" pid=2051
time="2026-10-07T22:21:43.949-04:00" level=info msg="RPC> gmail.Users.Messages.Get(email=\"me\" id=\"1a10f36433489e98\") => <nil> 91.126448ms" pid=2051
time="2026-10-07T22:21:43.953-04:00" level=info msg="Rendered HTML in 20.045674ms" pid=2518
time="2026-10-07T22:21:43.953-04:00" level=info msg="Got full message in 210.141516ms" pid=2518
time="2026-10-07T22:21:43.953-04:00" level=info msg="Message arrived" pid=2518
time="2026-10-07T22:21:44.051-04:00" level=info msg="RPC> gmail.Users.Messages.Get(email=\"me\" id=\"1a10eb7812048880\") => <nil> 101.531202ms" pid=2051
time="2026-10-07T22:21:44.056-04:00" level=info msg="RPC> gmail.Users.Messages.Get(email=\"me\" id=\"1a10f2200356d67e\") => <nil> 119.455603ms" pid=2051
time="2026-10-07T22:21:44.149-04:00" level=info msg="RPC> gmail.Users.Messages.Get(email=\"me\" id=\"1a10eb77e0799738\") => <nil> 97.434916ms" pid=2051
time="2026-10-07T22:21:44.149-04:00" level=info msg="RPC> gmail.Users.Messages.Get(email=\"me\" id=\"1a10e98d2b2fba98\") => <nil> 92.338742ms" pid=2051
time="2026-10-07T22:21:44.254-04:00" level=info msg="RPC> gmail.Users.Messages.Get(email=\"me\" id=\"1a10e980c5f56245\") => <nil> 105.101138ms" pid=2051
time="2026-10-07T22:21:44.302-04:00" level=info msg="RPC> gmail.Users.Messages.Get(email=\"me\" id=\"1a10e9812987e6af\") => <nil> 152.81793ms" pid=2051
time="2026-10-07T22:21:44.378-04:00" level=info msg="RPC> gmail.Users.Messages.Get(email=\"me\" id=\"1a10ccbe947d147e\") => <nil> 123.65005ms" pid=2051
time="2026-10-07T22:21:44.397-04:00" level=info msg="RPC> gmail.Users.Messages.Get(email=\"me\" id=\"1a10346b1a806bbb\") => <nil> 94.85334ms" pid=2051
time="2026-10-07T22:21:44.407-04:00" level=info msg="Running OpenMessageView" pid=2518
time="2026-10-07T22:21:44.407-04:00" level=info msg="Got full message in 3.621µs" pid=2518
time="2026-10-07T22:21:44.407-04:00" level=info msg="Message arrived" pid=2518
time="2026-10-07T22:21:44.476-04:00" level=info msg="RPC> gmail.Users.Messages.Get(email=\"me\" id=\"1a0ffe4f9a488b27\") => <nil> 98.367367ms" pid=2051
time="2026-10-07T22:21:44.494-04:00" level=info msg="RPC> gmail.Users.Messages.Get(email=\"me\" id=\"1a0f974d68a98faa\") => <nil> 97.300802ms" pid=2051
time="2026-10-07T22:21:44.594-04:00" level=info msg="RPC> gmail.Users.Messages.Get(email=\"me\" id=\"1a0f8ac6a7878480\") => <nil> 99.602665ms" pid=2051
time="2026-10-07T22:21:44.620-04:00" level=info msg="RPC> gmail.Users.Messages.Get(email=\"me\" id=\"1a0f969bc6fee901\") => <nil> 143.766333ms" pid=2051
time="2026-10-07T22:21:44.717-04:00" level=info msg="RPC> gmail.Users.Messages.Get(email=\"me\" id=\"1a0f895d7a6cab8f\") => <nil> 122.717078ms" pid=2051
time="2026-10-07T22:21:44.721-04:00" level=info msg="RPC> gmail.Users.Messages.Get(email=\"me\" id=\"1a0eee087239b261\") => <nil> 100.486368ms" pid=2051
time="2026-10-07T22:21:44.812-04:00" level=info msg="RPC> gmail.Users.Messages.Get(email=\"me\" id=\"1a0eaabd81b90e9e\") => <nil> 91.229159ms" pid=2051
time="2026-10-07T22:21:44.823-04:00" level=info msg="RPC> gmail.Users.Messages.Get(email=\"me\" id=\"1a0eab0d7a62f4ba\") => <nil> 105.761365ms" pid=2051
time="2026-10-07T22:21:44.946-04:00" level=info msg="RPC> gmail.Users.Messages.Get(email=\"me\" id=\"1a0ea7d2827f82cd\") => <nil> 133.814352ms" pid=2051
time="2026-10-07T22:21:44.964-04:00" level=info msg="RPC> gmail.Users.Messages.Get(email=\"me\" id=\"1a0ea6977e6b7190\") => <nil> 141.897403ms" pid=2051
time="2026-10-07T22:21:45.038-04:00" level=info msg="RPC> gmail.Users.Messages.Get(email=\"me\" id=\"1a0e8c0a5fd07568\") => <nil> 91.210365ms" pid=2051
time="2026-10-07T22:21:45.081-04:00" level=info msg="RPC> gmail.Users.Messages.Get(email=\"me\" id=\"1a0e867f2236ec0e\") => <nil> 116.151387ms" pid=2051
time="2026-10-07T22:21:45.152-04:00" level=info msg="RPC> gmail.Users.Messages.Get(email=\"me\" id=\"1a0e86252e5d0e2b\") => <nil> 114.839226ms" pid=2051
time="2026-10-07T22:21:45.180-04:00" level=info msg="RPC> gmail.Users.Messages.Get(email=\"me\" id=\"1a0e85c26b5a7c8b\") => <nil> 99.039369ms" pid=2051
time="2026-10-07T22:21:45.246-04:00" level=info msg="RPC> gmail.Users.Messages.Get(email=\"me\" id=\"1a0e3fec25fb2729\") => <nil> 93.700841ms" pid=2051
time="2026-10-07T22:21:45.270-04:00" level=info msg="RPC> gmail.Users.Messages.Get(email=\"me\" id=\"1a0de54855572f9c\") => <nil> 89.486482ms" pid=2051
time="2026-10-07T22:21:45.335-04:00" level=info msg="RPC> gmail.Users.Messages.Get(email=\"me\" id=\"1a0dc06e6cbdde79\") => <nil> 88.728812ms" pid=2051
time="2026-10-07T22:21:45.387-04:00" level=info msg="RPC> gmail.Users.Messages.Get(email=\"me\" id=\"1a0dbcf3b84dbed0\") => <nil> 117.668662ms" pid=2051
time="2026-10-07T22:21:45.471-04:00" level=info msg="RPC> gmail.Users.Messages.Get(email=\"me\" id=\"1a0dacae096f7f8f\") => <nil> 135.496471ms" pid=2051
time="2026-10-07T22:21:45.485-04:00" level=info msg="RPC> gmail.Users.Messages.Get(email=\"me\" id=\"1a0da6dfe2107d7a\") => <nil> 97.541232ms" pid=2051
time="2026-10-07T22:21:45.585-04:00" level=info msg="RPC> gmail.Users.Messages.Get(email=\"me\" id=\"1a0d9b88edbe6a0c\") => <nil> 99.393491ms" pid=2051
time="2026-10-07T22:21:45.593-04:00" level=info msg="RPC> gmail.Users.Messages.Get(email=\"me\" id=\"1a0da2b4d651aecc\") => <nil> 122.231362ms" pid=2051
time="2026-10-07T22:21:45.685-04:00" level=info msg="Running OpenMessageView" pid=2518
time="2026-10-07T22:21:45.685-04:00" level=info msg="Got full message in 2.49µs" pid=2518
time="2026-10-07T22:21:45.685-04:00" level=info msg="Message arrived" pid=2518
time="2026-10-07T22:21:45.686-04:00" level=info msg="RPC> gmail.Users.Messages.Get(email=\"me\" id=\"1a0d9912d2808ad2\") => <nil> 101.531827ms" pid=2051
time="2026-10-07T22:21:45.686-04:00" level=info msg="RPC> gmail.Users.Messages.Get(email=\"me\" id=\"1a0d963320f05077\") => <nil> 93.127857ms" pid=2051
time="2026-10-07T22:21:45.786-04:00" level=info msg="RPC> gmail.Users.Messages.Get(email=\"me\" id=\"1a0d814383ea5fde\") => <nil> 99.428857ms" pid=2051
time="2026-10-07T22:21:45.816-04:00" level=info msg="RPC> gmail.Users.Messages.Get(email=\"me\" id=\"1a0d6201339326da\") => <nil> 129.349544ms" pid=2051
time="2026-10-07T22:21:45.917-04:00" level=info msg="RPC> gmail.Users.Messages.Get(email=\"me\" id=\"1a0d6030d9f9e845\") => <nil> 131.284275ms" pid=2051
time="2026-10-07T22:21:45.920-04:00" level=info msg="RPC> gmail.Users.Messages.Get(email=\"me\" id=\"1a0d5c16637c5dbe\") => <nil> 104.049281ms" pid=2051
time="2026-10-07T22:21:46.045-04:00" level=info msg="RPC> gmail.Users.Messages.Get(email=\"me\" id=\"1a0ced6e9c637fa3\") => <nil> 125.044401ms" pid=2051
time="2026-10-07T22:21:46.051-04:00" level=info msg="RPC> gmail.Users.Messages.Get(email=\"me\" id=\"1a0d5bf1532d894d\") => <nil> 134.086848ms" pid=2051
time="2026-10-07T22:21:46.153-04:00" level=info msg="RPC> gmail.Users.Messages.Get(email=\"me\" id=\"1a0cbb63337500df\") => <nil> 101.903318ms" pid=2051
time="2026-10-07T22:21:46.171-04:00" level=info msg="RPC> gmail.Users.Messages.Get(email=\"me\" id=\"1a0cbb87c6807a40\") => <nil> 125.630908ms" pid=2051
time="2026-10-07T22:21:46.280-04:00" level=info msg="RPC> gmail.Users.Messages.Get(email=\"me\" id=\"1a0ca3be00d0770a\") => <nil> 126.109212ms" pid=2051
time="2026-10-07T22:21:46.293-04:00" level=info msg="RPC> gmail.Users.Messages.Get(email=\"me\" id=\"1a0c94dfb6f03718\") => <nil> 121.733025ms" pid=2051
time="2026-10-07T22:21:46.398-04:00" level=info msg="RPC> gmail.Users.Messages.Get(email=\"me\" id=\"1a0c6d8ceee2400e\") => <nil> 105.429727ms" pid=2051
time="2026-10-07T22:21:46.410-04:00" level=info msg="RPC> gmail.Users.Messages.Get(email=\"me\" id=\"1a0c8819385f332b\") => <nil> 130.065236ms" pid=2051
time="2026-10-07T22:21:46.494-04:00" level=info msg="RPC> gmail.Users.Messages.Get(email=\"me\" id=\"1a0c4b25b8b7a701\") => <nil> 95.078726ms" pid=2051
time="2026-10-07T22:21:46.506-04:00" level=info msg="RPC> gmail.Users.Messages.Get(email=\"me\" id=\"1a0c02f38f0670a4\") => <nil> 95.770603ms" pid=2051
time="2026-10-07T22:21:46.585-04:00" level=info msg="RPC> gmail.Users.Messages.Get(email=\"me\" id=\"1a0bc6177b0348ce\") => <nil> 91.432425ms" pid=2051
time="2026-10-07T22:21:46.629-04:00" level=info msg="RPC> gmail.Users.Messages.Get(email=\"me\" id=\"1a0b80e61467ea6b\") => <nil> 123.120324ms" pid=2051
time="2026-10-07T22:21:46.691-04:00" level=info msg="RPC> gmail.Users.Messages.Get(email=\"me\" id=\"1a0b6d9b8fa475e2\") => <nil> 106.035957ms" pid=2051
time="2026-10-07T22:21:46.740-04:00" level=info msg="RPC> gmail.Users.Messages.Get(email=\"me\" id=\"1a0b6cc6c3e44b00\") => <nil> 110.515441ms" pid=2051
time="2026-10-07T22:21:46.830-04:00" level=info msg="RPC> gmail.Users.Messages.Get(email=\"me\" id=\"1a0b1fb49b0ef9c1\") => <nil> 138.87522ms" pid=2051
time="2026-10-07T22:21:46.843-04:00" level=info msg="RPC> gmail.Users.Messages.Get(email=\"me\" id=\"1a0b0328b29f1056\") => <nil> 103.313555ms" pid=2051
time="2026-10-07T22:21:46.859-04:00" level=info msg="Address scan: 750 of 2492 new messages done, 0 of them failed; read 750 messages in all, back to 2023-08-27, dating 265 addresses" pid=2051
time="2026-10-07T22:21:46.952-04:00" level=info msg="RPC> gmail.Users.Messages.Get(email=\"me\" id=\"1a0ab6fe27e4191f\") => <nil> 92.361358ms" pid=2051
time="2026-10-07T22:21:46.972-04:00" level=info msg="RPC> gmail.Users.Messages.Get(email=\"me\" id=\"1a0ab2f52e9c93a9\") => <nil> 109.197636ms" pid=2051
time="2026-10-07T22:21:47.049-04:00" level=info msg="RPC> gmail.Users.Messages.Get(email=\"me\" id=\"1a0aa97c53ceca31\") => <nil> 97.273961ms" pid=2051
time="2026-10-07T22:21:47.089-04:00" level=info msg="RPC> gmail.Users.Messages.Get(email=\"me\" id=\"1a0a83602cbfb622\") => <nil> 117.045575ms" pid=2051
time="2026-10-07T22:21:47.149-04:00" level=info msg="RPC> gmail.Users.Messages.Get(email=\"me\" id=\"1a0a7dac41f0150c\") => <nil> 99.373421ms" pid=2051
time="2026-10-07T22:21:47.177-04:00" level=info msg="RPC> gmail.Users.Messages.Get(email=\"me\" id=\"1a0a7cc5ae789d88\") => <nil> 87.420625ms" pid=2051
time="2026-10-07T22:21:47.248-04:00" level=info msg="RPC> gmail.Users.Messages.Get(email=\"me\" id=\"1a0a7a33fe6d94b0\") => <nil> 98.912077ms" pid=2051
time="2026-10-07T22:21:47.284-04:00" level=info msg="RPC> gmail.Users.Messages.Get(email=\"me\" id=\"1a0a77f74508adf4\") => <nil> 106.68587ms" pid=2051
time="2026-10-07T22:21:47.364-04:00" level=info msg="RPC> gmail.Users.Messages.Get(email=\"me\" id=\"1a0a7487ca5cab7b\") => <nil> 116.372449ms" pid=2051
time="2026-10-07T22:21:47.423-04:00" level=info msg="RPC> gmail.Users.Messages.Get(email=\"me\" id=\"1a0a6ccf3823d5c6\") => <nil> 138.879497ms" pid=2051
time="2026-10-07T22:21:47.494-04:00" level=info msg="RPC> gmail.Users.Messages.Get(email=\"me\" id=\"1a0a2e6813327e22\") => <nil> 129.955423ms" pid=2051
time="2026-10-07T22:21:47.515-04:00" level=info msg="RPC> gmail.Users.Messages.Get(email=\"me\" id=\"1a0a2360458e2662\") => <nil> 92.771654ms" pid=2051
time="2026-10-07T22:21:47.596-04:00" level=info msg="RPC> gmail.Users.Messages.Get(email=\"me\" id=\"1a0a1e6d29639408\") => <nil> 101.307976ms" pid=2051
time="2026-10-07T22:21:47.619-04:00" level=info msg="RPC> gmail.Users.Messages.Get(email=\"me\" id=\"1a0a1d22f35c7c8f\") => <nil> 102.991579ms" pid=2051
time="2026-10-07T22:21:47.709-04:00" level=info msg="RPC> gmail.Users.Messages.Get(email=\"me\" id=\"1a0a06360938623c\") => <nil> 90.200697ms" pid=2051
time="2026-10-07T22:21:47.721-04:00" level=info msg="RPC> gmail.Users.Messages.Get(email=\"me\" id=\"1a0a06a474272bad\") => <nil> 125.176726ms" pid=2051
time="2026-10-07T22:21:47.802-04:00" level=info msg="RPC> gmail.Users.Messages.Get(email=\"me\" id=\"1a0a03e84bcd76d0\") => <nil> 93.214497ms" pid=2051
time="2026-10-07T22:21:47.861-04:00" level=info msg="RPC> gmail.Users.Messages.Get(email=\"me\" id=\"1a09fdb9249d8244\") => <nil> 139.927825ms" pid=2051
time="2026-10-07T22:21:47.923-04:00" level=info msg="RPC> gmail.Users.Messages.Get(email=\"me\" id=\"1a09e7b9ac7909d9\") => <nil> 120.706738ms" pid=2051
time="2026-10-07T22:21:47.958-04:00" level=info msg="RPC> gmail.Users.Messages.Get(email=\"me\" id=\"1a09e2f31cf02d8f\") => <nil> 96.279694ms" pid=2051
time="2026-10-07T22:21:48.021-04:00" level=info msg="RPC> gmail.Users.Messages.Get(email=\"me\" id=\"1a09d8bbb1e7068f\") => <nil> 97.739118ms" pid=2051
time="2026-10-07T22:21:48.053-04:00" level=info msg="RPC> gmail.Users.Messages.Get(email=\"me\" id=\"1a09d70960b197e1\") => <nil> 94.986987ms" pid=2051
time="2026-10-07T22:21:48.117-04:00" level=info msg="RPC> gmail.Users.Messages.Get(email=\"me\" id=\"1a09cb61dbe0eba0\") => <nil> 95.917933ms" pid=2051
time="2026-10-07T22:21:48.153-04:00" level=info msg="RPC> gmail.Users.Messages.Get(email=\"me\" id=\"1a09c874beb63ca8\") => <nil> 99.835971ms" pid=2051
time="2026-10-07T22:21:48.214-04:00" level=info msg="RPC> gmail.Users.Messages.Get(email=\"me\" id=\"1a09b468f89de51d\") => <nil> 97.109197ms" pid=2051
time="2026-10-07T22:21:48.270-04:00" level=info msg="RPC> gmail.Users.Messages.Get(email=\"me\" id=\"1a09945c82c1c70f\") => <nil> 116.943149ms" pid=2051
time="2026-10-07T22:21:48.339-04:00" level=info msg="RPC> gmail.Users.Messages.Get(email=\"me\" id=\"1a0990939db9da60\") => <nil> 124.252899ms" pid=2051
time="2026-10-07T22:21:48.365-04:00" level=info msg="RPC> gmail.Users.Messages.Get(email=\"me\" id=\"1a098c03d90b7875\") => <nil> 95.276849ms" pid=2051
time="2026-10-07T22:21:48.432-04:00" level=info msg="RPC> gmail.Users.Messages.Get(email=\"me\" id=\"1a0983a692dfd4f1\") => <nil> 92.992636ms" pid=2051
time="2026-10-07T22:21:48.466-04:00" level=info msg="RPC> gmail.Users.Messages.Get(email=\"me\" id=\"1a098064822e9fbf\") => <nil> 100.958443ms" pid=2051
time="2026-10-07T22:21:48.531-04:00" level=info msg="RPC> gmail.Users.Messages.Get(email=\"me\" id=\"1a09803d260df480\") => <nil> 99.125885ms" pid=2051
time="2026-10-07T22:21:48.560-04:00" level=info msg="RPC> gmail.Users.Messages.Get(email=\"me\" id=\"1a0978903789522e\") => <nil> 93.293073ms" pid=2051
time="2026-10-07T22:21:48.633-04:00" level=info msg="RPC> gmail.Users.Messages.Get(email=\"me\" id=\"1a096db770e27c72\") => <nil> 101.754646ms" pid=2051
time="2026-10-07T22:21:48.661-04:00" level=info msg="RPC> gmail.Users.Messages.Get(email=\"me\" id=\"1a0965800337db3d\") => <nil> 101.151345ms" pid=2051
time="2026-10-07T22:21:48.754-04:00" level=info msg="RPC> gmail.Users.Messages.Get(email=\"me\" id=\"1a0957de2bc37391\") => <nil> 121.023546ms" pid=2051
time="2026-10-07T22:21:48.766-04:00" level=info msg="RPC> gmail.Users.Messages.Get(email=\"me\" id=\"1a093873308bd478\") => <nil> 104.526014ms" pid=2051
time="2026-10-07T22:21:48.887-04:00" level=info msg="History for 2307342 INBOX" pid=2051
time="2026-10-07T22:21:48.917-04:00" level=info msg="RPC> gmail.Users.Messages.Get(email=\"me\" id=\"1a093857dc869aaf\") => <nil> 162.897037ms" pid=2051
time="2026-10-07T22:21:48.917-04:00" level=info msg="RPC> gmail.Users.Messages.Get(email=\"me\" id=\"1a0926a5fcba234c\") => <nil> 151.389654ms" pid=2051
time="2026-10-07T22:21:48.982-04:00" level=info msg="RPC> gmail.Users.History.List(email=\"me\" historyID=2307342 labelID=\"INBOX\") => <nil> 95.372589ms" pid=2051
time="2026-10-07T22:21:48.983-04:00" level=info msg="No history since last check" pid=2051
time="2026-10-07T22:21:48.983-04:00" level=info msg="History check took 95.843217ms" pid=2051
time="2026-10-07T22:21:49.037-04:00" level=info msg="RPC> gmail.Users.Messages.Get(email=\"me\" id=\"1a091ee5fb4e249e\") => <nil> 120.028036ms" pid=2051
time="2026-10-07T22:21:49.054-04:00" level=info msg="RPC> gmail.Users.Messages.Get(email=\"me\" id=\"1a091dfeb12dfd9e\") => <nil> 137.068788ms" pid=2051
time="2026-10-07T22:21:49.152-04:00" level=info msg="RPC> gmail.Users.Messages.Get(email=\"me\" id=\"1a0914e772ccd213\") => <nil> 96.99935ms" pid=2051
time="2026-10-07T22:21:49.152-04:00" level=info msg="RPC> gmail.Users.Messages.Get(email=\"me\" id=\"1a09193d6fd9535f\") => <nil> 114.313116ms" pid=2051
time="2026-10-07T22:21:49.238-04:00" level=info msg="RPC> gmail.Users.Messages.Get(email=\"me\" id=\"1a090df778403cb2\") => <nil> 85.925203ms" pid=2051
time="2026-10-07T22:21:49.252-04:00" level=info msg="RPC> gmail.Users.Messages.Get(email=\"me\" id=\"1a090dc25c112dac\") => <nil> 100.25439ms" pid=2051
time="2026-10-07T22:21:49.355-04:00" level=info msg="RPC> gmail.Users.Messages.Get(email=\"me\" id=\"1a090c9aab066d46\") => <nil> 117.009516ms" pid=2051
time="2026-10-07T22:21:49.357-04:00" level=info msg="RPC> gmail.Users.Messages.Get(email=\"me\" id=\"1a08daf36add8424\") => <nil> 104.390344ms" pid=2051
time="2026-10-07T22:21:49.456-04:00" level=info msg="RPC> gmail.Users.Messages.Get(email=\"me\" id=\"1a08d9cc62df5252\") => <nil> 100.929074ms" pid=2051
time="2026-10-07T22:21:49.460-04:00" level=info msg="RPC> gmail.Users.Messages.Get(email=\"me\" id=\"1a08ca4b26086475\") => <nil> 103.206482ms" pid=2051
time="2026-10-07T22:21:49.554-04:00" level=info msg="RPC> gmail.Users.Messages.Get(email=\"me\" id=\"1a08c8bcb6b6233e\") => <nil> 94.276009ms" pid=2051
time="2026-10-07T22:21:49.581-04:00" level=info msg="RPC> gmail.Users.Messages.Get(email=\"me\" id=\"1a08c9fa8210c259\") => <nil> 124.938445ms" pid=2051
time="2026-10-07T22:21:49.662-04:00" level=info msg="RPC> gmail.Users.Messages.Get(email=\"me\" id=\"1a08c28b8fc65b64\") => <nil> 107.538264ms" pid=2051
time="2026-10-07T22:21:49.687-04:00" level=info msg="RPC> gmail.Users.Messages.Get(email=\"me\" id=\"1a08c0f47effb69d\") => <nil> 106.069388ms" pid=2051
time="2026-10-07T22:21:49.783-04:00" level=info msg="RPC> gmail.Users.Messages.Get(email=\"me\" id=\"1a08931d76be95ca\") => <nil> 95.695165ms" pid=2051
time="2026-10-07T22:21:49.783-04:00" level=info msg="RPC> gmail.Users.Messages.Get(email=\"me\" id=\"1a08b7d000ed05a0\") => <nil> 120.839548ms" pid=2051
time="2026-10-07T22:21:49.881-04:00" level=info msg="RPC> gmail.Users.Messages.Get(email=\"me\" id=\"1a08802c31bf812b\") => <nil> 97.954446ms" pid=2051
time="2026-10-07T22:21:49.911-04:00" level=info msg="RPC> gmail.Users.Messages.Get(email=\"me\" id=\"1a08905c086f47fb\") => <nil> 127.84285ms" pid=2051
time="2026-10-07T22:21:49.983-04:00" level=info msg="RPC> gmail.Users.Messages.Get(email=\"me\" id=\"1a0875c59cce1fbf\") => <nil> 102.17448ms" pid=2051
time="2026-10-07T22:21:50.033-04:00" level=info msg="RPC> gmail.Users.Messages.Get(email=\"me\" id=\"1a0874e1ddfd7883\") => <nil> 121.721989ms" pid=2051
time="2026-10-07T22:21:50.102-04:00" level=info msg="RPC> gmail.Users.Messages.Get(email=\"me\" id=\"1a0873f8b62c6db8\") => <nil> 118.337235ms" pid=2051
time="2026-10-07T22:21:50.173-04:00" level=info msg="RPC> gmail.Users.Messages.Get(email=\"me\" id=\"1a086e4fd1431cb7\") => <nil> 140.082076ms" pid=2051
time="2026-10-07T22:21:50.210-04:00" level=info msg="RPC> gmail.Users.Messages.Get(email=\"me\" id=\"1a086cb75b371ede\") => <nil> 107.976985ms" pid=2051
time="2026-10-07T22:21:50.291-04:00" level=info msg="RPC> gmail.Users.Messages.Get(email=\"me\" id=\"1a08693c37ef324c\") => <nil> 117.798906ms" pid=2051
time="2026-10-07T22:21:50.304-04:00" level=info msg="RPC> gmail.Users.Messages.Get(email=\"me\" id=\"1a0869337015698e\") => <nil> 93.723326ms" pid=2051
time="2026-10-07T22:21:50.398-04:00" level=info msg="RPC> gmail.Users.Messages.Get(email=\"me\" id=\"1a086346c37e3d38\") => <nil> 93.618911ms" pid=2051
time="2026-10-07T22:21:50.419-04:00" level=info msg="RPC> gmail.Users.Messages.Get(email=\"me\" id=\"1a0867d2b8787d95\") => <nil> 128.056459ms" pid=2051
time="2026-10-07T22:21:50.488-04:00" level=info msg="RPC> gmail.Users.Messages.Get(email=\"me\" id=\"1a086120e8f96a13\") => <nil> 89.929638ms" pid=2051
time="2026-10-07T22:21:50.514-04:00" level=info msg="RPC> gmail.Users.Messages.Get(email=\"me\" id=\"1a08608fc271df7b\") => <nil> 94.655949ms" pid=2051
time="2026-10-07T22:21:50.548-04:00" level=info msg="Stopping keyboard input" pid=2518
time="2026-10-07T22:21:50.590-04:00" level=info msg="RPC> gmail.Users.Messages.Get(email=\"me\" id=\"1a08607c71550bae\") => <nil> 102.422469ms" pid=2051
time="2026-10-07T22:21:50.598-04:00" level=info msg="Input loop told to stop" pid=2518
time="2026-10-07T22:21:50.598-04:00" level=info msg="Keyboard input stopped" pid=2518
time="2026-10-07T22:21:50.603-04:00" level=info msg="RPC> gmail.Users.Messages.Get(email=\"me\" id=\"1a0846a24e460364\") => <nil> 88.39862ms" pid=2051
time="2026-10-07T22:21:50.605-04:00" level=info msg="Window pid 2517 exited: <nil>, stderr \"\"" pid=2051
time="2026-10-07T22:21:50.611-04:00" level=info msg="MessageListView got WINCH!" pid=2051
time="2026-10-07T22:21:50.683-04:00" level=info msg="RPC> gmail.Users.Messages.Get(email=\"me\" id=\"1a08469a5dbb2a87\") => <nil> 92.364848ms" pid=2051
time="2026-10-07T22:21:50.702-04:00" level=info msg="RPC> gmail.Users.Messages.Get(email=\"me\" id=\"1a08420d0d241892\") => <nil> 99.527326ms" pid=2051
time="2026-10-07T22:21:50.795-04:00" level=info msg="RPC> gmail.Users.Messages.Get(email=\"me\" id=\"1a08364a05dd3311\") => <nil> 111.954817ms" pid=2051
time="2026-10-07T22:21:50.827-04:00" level=info msg="RPC> gmail.Users.Messages.Get(email=\"me\" id=\"1a082d50130b1731\") => <nil> 124.493357ms" pid=2051
time="2026-10-07T22:21:50.930-04:00" level=info msg="RPC> gmail.Users.Messages.Get(email=\"me\" id=\"1a081fa666e147e9\") => <nil> 135.449215ms" pid=2051
time="2026-10-07T22:21:50.960-04:00" level=info msg="RPC> gmail.Users.Messages.Get(email=\"me\" id=\"1a08180a29374967\") => <nil> 133.022829ms" pid=2051
time="2026-10-07T22:21:51.020-04:00" level=info msg="RPC> gmail.Users.Messages.Get(email=\"me\" id=\"1a0816f1b395a79e\") => <nil> 89.426164ms" pid=2051
time="2026-10-07T22:21:51.052-04:00" level=info msg="RPC> gmail.Users.Messages.Get(email=\"me\" id=\"1a0815732b4feee6\") => <nil> 91.798944ms" pid=2051
time="2026-10-07T22:21:51.145-04:00" level=info msg="RPC> gmail.Users.Messages.Get(email=\"me\" id=\"1a07f37c564203e1\") => <nil> 125.030839ms" pid=2051
time="2026-10-07T22:21:51.175-04:00" level=info msg="RPC> gmail.Users.Messages.Get(email=\"me\" id=\"1a07d666fc20d48e\") => <nil> 122.794451ms" pid=2051
time="2026-10-07T22:21:51.237-04:00" level=info msg="RPC> gmail.Users.Messages.Get(email=\"me\" id=\"1a07d63596cc25cb\") => <nil> 92.073334ms" pid=2051
time="2026-10-07T22:21:51.301-04:00" level=info msg="RPC> gmail.Users.Messages.Get(email=\"me\" id=\"1a07d46f616f4466\") => <nil> 125.588445ms" pid=2051
time="2026-10-07T22:21:51.337-04:00" level=info msg="RPC> gmail.Users.Messages.Get(email=\"me\" id=\"1a07c7150b6a5148\") => <nil> 98.921562ms" pid=2051
time="2026-10-07T22:21:51.428-04:00" level=info msg="RPC> gmail.Users.Messages.Get(email=\"me\" id=\"1a07a551609de65d\") => <nil> 127.47657ms" pid=2051
time="2026-10-07T22:21:51.469-04:00" level=info msg="RPC> gmail.Users.Messages.Get(email=\"me\" id=\"1a079222ff4fe2d1\") => <nil> 131.979377ms" pid=2051
time="2026-10-07T22:21:51.522-04:00" level=info msg="RPC> gmail.Users.Messages.Get(email=\"me\" id=\"1a076965e88b5f15\") => <nil> 93.390012ms" pid=2051
time="2026-10-07T22:21:51.567-04:00" level=info msg="RPC> gmail.Users.Messages.Get(email=\"me\" id=\"1a07683967248d32\") => <nil> 98.255084ms" pid=2051
time="2026-10-07T22:21:51.615-04:00" level=info msg="RPC> gmail.Users.Messages.Get(email=\"me\" id=\"1a0746052580e043\") => <nil> 92.853712ms" pid=2051
time="2026-10-07T22:21:51.655-04:00" level=info msg="RPC> gmail.Users.Messages.Get(email=\"me\" id=\"1a0742b636723071\") => <nil> 87.717249ms" pid=2051
time="2026-10-07T22:21:51.709-04:00" level=info msg="RPC> gmail.Users.Messages.Get(email=\"me\" id=\"1a07424ac809413a\") => <nil> 93.588651ms" pid=2051
time="2026-10-07T22:21:51.755-04:00" level=info msg="RPC> gmail.Users.Messages.Get(email=\"me\" id=\"1a073dd2bc611372\") => <nil> 99.860645ms" pid=2051
time="2026-10-07T22:21:51.829-04:00" level=info msg="RPC> gmail.Users.Messages.Get(email=\"me\" id=\"1a0735056a5ff10e\") => <nil> 120.502879ms" pid=2051
time="2026-10-07T22:21:51.901-04:00" level=info msg="RPC> gmail.Users.Messages.Get(email=\"me\" id=\"1a073417353a1173\") => <nil> 145.771178ms" pid=2051
time="2026-10-07T22:21:51.949-04:00" level=info msg="RPC> gmail.Users.Messages.Get(email=\"me\" id=\"1a072c97152ec3e7\") => <nil> 119.869939ms" pid=2051
time="2026-10-07T22:21:51.997-04:00" level=info msg="RPC> gmail.Users.Messages.Get(email=\"me\" id=\"1a071718dbff721c\") => <nil> 96.236651ms" pid=2051
time="2026-10-07T22:21:52.057-04:00" level=info msg="RPC> gmail.Users.Messages.Get(email=\"me\" id=\"1a06f827ba8518fc\") => <nil> 107.512634ms" pid=2051
time="2026-10-07T22:21:52.096-04:00" level=info msg="RPC> gmail.Users.Messages.Get(email=\"me\" id=\"1a06ee5aa8af6f4b\") => <nil> 98.532836ms" pid=2051
time="2026-10-07T22:21:52.195-04:00" level=info msg="RPC> gmail.Users.Messages.Get(email=\"me\" id=\"1a06e7627b657793\") => <nil> 137.435414ms" pid=2051
time="2026-10-07T22:21:52.215-04:00" level=info msg="RPC> gmail.Users.Messages.Get(email=\"me\" id=\"1a06e72645ac8020\") => <nil> 119.261285ms" pid=2051
time="2026-10-07T22:21:52.299-04:00" level=info msg="RPC> gmail.Users.Messages.Get(email=\"me\" id=\"1a06dc00b261ce5f\") => <nil> 104.059447ms" pid=2051
time="2026-10-07T22:21:52.324-04:00" level=info msg="RPC> gmail.Users.Messages.Get(email=\"me\" id=\"1a06db7065799f36\") => <nil> 108.429153ms" pid=2051
time="2026-10-07T22:21:52.401-04:00" level=info msg="RPC> gmail.Users.Messages.Get(email=\"me\" id=\"1a06d7346a777a1d\") => <nil> 101.636517ms" pid=2051
time="2026-10-07T22:21:52.455-04:00" level=info msg="RPC> gmail.Users.Messages.Get(email=\"me\" id=\"1a06d260deb75902\") => <nil> 130.518836ms" pid=2051
time="2026-10-07T22:21:52.506-04:00" level=info msg="RPC> gmail.Users.Messages.Get(email=\"me\" id=\"1a0697278e003998\") => <nil> 105.123497ms" pid=2051
time="2026-10-07T22:21:52.556-04:00" level=info msg="RPC> gmail.Users.Messages.Get(email=\"me\" id=\"1a069685745b2a4d\") => <nil> 100.845372ms" pid=2051
time="2026-10-07T22:21:52.596-04:00" level=info msg="RPC> gmail.Users.Messages.Get(email=\"me\" id=\"1a0693cdd567cb15\") => <nil> 90.46358ms" pid=2051
time="2026-10-07T22:21:52.640-04:00" level=info msg="RPC> gmail.Users.Messages.Get(email=\"me\" id=\"1a068eef7c43a022\") => <nil> 84.075993ms" pid=2051
time="2026-10-07T22:21:52.684-04:00" level=info msg="Started window, pid 3017: [\"st\" \"-e\" \"/home/caleb/system/cmdg/cmdg\" \"-config=../../.cmdg/personal.conf\" \"-log=logs/window_timing.log\" \"-log_rpc=true\" \"-compose\" \"-window_file=/tmp/cmdg-window-3158074610.json\"]" pid=2051
time="2026-10-07T22:21:52.729-04:00" level=info msg="RPC> gmail.Users.Messages.Get(email=\"me\" id=\"1a068ced43d2a91d\") => <nil> 132.037678ms" pid=2051
time="2026-10-07T22:21:52.740-04:00" level=info msg="RPC> gmail.Users.Messages.Get(email=\"me\" id=\"1a068c05a64741de\") => <nil> 100.078912ms" pid=2051
time="2026-10-07T22:21:52.749-04:00" level=info msg="MessageListView got WINCH!" pid=2051
time="2026-10-07T22:21:52.757-04:00" level=info msg="cmdg 1.05 window, built from commit c5d95f25369ea02d7b2a4efe5c52ec100c0ea63c of 2026-10-08T02:16:56Z with uncommitted changes" pid=3018
time="2026-10-07T22:21:52.758-04:00" level=info msg="Starting keyboard input" pid=3018
time="2026-10-07T22:21:52.820-04:00" level=info msg="RPC> gmail.Users.Messages.Get(email=\"me\" id=\"1a068718b78d4a3e\") => <nil> 90.986728ms" pid=2051
time="2026-10-07T22:21:52.832-04:00" level=info msg="RPC> gmail.Users.Messages.Get(email=\"me\" id=\"1a067d3339d7fceb\") => <nil> 92.077161ms" pid=2051
time="2026-10-07T22:21:52.924-04:00" level=info msg="RPC> gmail.Users.Messages.Get(email=\"me\" id=\"1a067b21bcb86b31\") => <nil> 91.362754ms" pid=2051
time="2026-10-07T22:21:52.949-04:00" level=info msg="RPC> gmail.Users.Messages.Get(email=\"me\" id=\"1a067b76ed8bbb30\") => <nil> 129.484335ms" pid=2051
time="2026-10-07T22:21:52.990-04:00" level=info msg="RPC> oauth2.Token(expiry=2026-10-07T23:21:51-04:00) => <nil> 232.695342ms" pid=3018
time="2026-10-07T22:21:53.022-04:00" level=info msg="RPC> gmail.Users.Messages.Get(email=\"me\" id=\"1a067a9ca91f974b\") => <nil> 97.904618ms" pid=2051
time="2026-10-07T22:21:53.040-04:00" level=info msg="RPC> gmail.Users.Messages.Get(email=\"me\" id=\"1a06798340706472\") => <nil> 90.909724ms" pid=2051
time="2026-10-07T22:21:53.116-04:00" level=info msg="RPC> gmail.Users.Messages.Get(email=\"me\" id=\"1a06790b72f5ad9d\") => <nil> 94.49842ms" pid=2051
time="2026-10-07T22:21:53.129-04:00" level=info msg="RPC> gmail.Users.Messages.Get(email=\"me\" id=\"1a067292319fa2ea\") => <nil> 88.60041ms" pid=2051
time="2026-10-07T22:21:53.219-04:00" level=info msg="RPC> gmail.Users.Messages.Get(email=\"me\" id=\"1a06596a9ee1c997\") => <nil> 102.845015ms" pid=2051
time="2026-10-07T22:21:53.245-04:00" level=info msg="RPC> gmail.Users.Messages.Get(email=\"me\" id=\"1a064fe98b6d3f40\") => <nil> 115.821184ms" pid=2051
time="2026-10-07T22:21:53.352-04:00" level=info msg="RPC> gmail.Users.Messages.Get(email=\"me\" id=\"1a064da718924100\") => <nil> 132.682666ms" pid=2051
time="2026-10-07T22:21:53.365-04:00" level=info msg="RPC> gmail.Users.Messages.Get(email=\"me\" id=\"1a0648260b92b2d6\") => <nil> 119.651584ms" pid=2051
time="2026-10-07T22:21:53.454-04:00" level=info msg="RPC> gmail.Users.Messages.Get(email=\"me\" id=\"1a0645a19ae01f6a\") => <nil> 101.796418ms" pid=2051
time="2026-10-07T22:21:53.456-04:00" level=info msg="RPC> drive.Files.List(spaces=\"appDataFolder\" token=\"\") => <nil> 698.161476ms" pid=3018
time="2026-10-07T22:21:53.462-04:00" level=info msg="RPC> drive.Files.List(spaces=\"appDataFolder\" token=\"\") => <nil> 703.881618ms" pid=3018
time="2026-10-07T22:21:53.462-04:00" level=error msg="Failed to load settings: file does not exist" pid=3018
time="2026-10-07T22:21:53.495-04:00" level=info msg="RPC> gmail.Users.Messages.Get(email=\"me\" id=\"1a0643141a5f0f1b\") => <nil> 130.63611ms" pid=2051
time="2026-10-07T22:21:53.556-04:00" level=info msg="RPC> gmail.Users.Messages.Get(email=\"me\" id=\"1a064197ba4f2414\") => <nil> 101.38212ms" pid=2051
time="2026-10-07T22:21:53.586-04:00" level=info msg="RPC> gmail.Users.Messages.Get(email=\"me\" id=\"1a06417e24a25ed0\") => <nil> 90.332244ms" pid=2051
time="2026-10-07T22:21:53.640-04:00" level=info msg="RPC> gmail.Users.Messages.Get(email=\"me\" id=\"1a063f366f60b7a1\") => <nil> 84.147478ms" pid=2051
time="2026-10-07T22:21:53.712-04:00" level=info msg="RPC> gmail.Users.Messages.Get(email=\"me\" id=\"1a06366c38a86993\") => <nil> 126.193921ms" pid=2051
time="2026-10-07T22:21:53.744-04:00" level=info msg="RPC> gmail.Users.Messages.Get(email=\"me\" id=\"1a06355ec07f308b\") => <nil> 103.952688ms" pid=2051
time="2026-10-07T22:21:53.802-04:00" level=info msg="RPC> gmail.Users.Messages.Get(email=\"me\" id=\"1a0634b5d671628b\") => <nil> 89.532623ms" pid=2051
time="2026-10-07T22:21:53.844-04:00" level=info msg="RPC> gmail.Users.Messages.Get(email=\"me\" id=\"1a0631339956b176\") => <nil> 100.005567ms" pid=2051
time="2026-10-07T22:21:53.900-04:00" level=info msg="RPC> gmail.Users.Messages.Get(email=\"me\" id=\"1a062fae461d1f3a\") => <nil> 98.1407ms" pid=2051
time="2026-10-07T22:21:53.929-04:00" level=info msg="RPC> gmail.Users.Messages.Get(email=\"me\" id=\"1a062e00c93695c1\") => <nil> 84.246776ms" pid=2051
time="2026-10-07T22:21:54.002-04:00" level=info msg="RPC> gmail.Users.Messages.Get(email=\"me\" id=\"1a062da0d5ecce31\") => <nil> 101.233339ms" pid=2051
time="2026-10-07T22:21:54.020-04:00" level=info msg="RPC> gmail.Users.Messages.Get(email=\"me\" id=\"1a0626f09a8ba009\") => <nil> 91.146485ms" pid=2051
time="2026-10-07T22:21:54.093-04:00" level=info msg="RPC> gmail.Users.Messages.Get(email=\"me\" id=\"1a06267e9f473c5e\") => <nil> 90.886768ms" pid=2051
time="2026-10-07T22:21:54.104-04:00" level=info msg="RPC> gmail.Users.Messages.Get(email=\"me\" id=\"1a06216805652969\") => <nil> 84.373072ms" pid=2051
time="2026-10-07T22:21:54.187-04:00" level=info msg="RPC> gmail.Users.Messages.Get(email=\"me\" id=\"1a061ff6463d1f13\") => <nil> 94.64618ms" pid=2051
time="2026-10-07T22:21:54.209-04:00" level=info msg="RPC> gmail.Users.Messages.Get(email=\"me\" id=\"1a05f7a295fea9bf\") => <nil> 104.101854ms" pid=2051
time="2026-10-07T22:21:54.274-04:00" level=info msg="RPC> gmail.Users.Messages.Get(email=\"me\" id=\"1a05f06d6dda6e3f\") => <nil> 86.126498ms" pid=2051
time="2026-10-07T22:21:54.366-04:00" level=info msg="RPC> gmail.Users.Messages.Get(email=\"me\" id=\"1a05e7315721bebc\") => <nil> 157.010989ms" pid=2051
time="2026-10-07T22:21:54.408-04:00" level=info msg="RPC> gmail.Users.Messages.Get(email=\"me\" id=\"1a05deae29ac2e72\") => <nil> 134.557037ms" pid=2051
time="2026-10-07T22:21:54.465-04:00" level=info msg="RPC> gmail.Users.Messages.Get(email=\"me\" id=\"1a05d5a717572267\") => <nil> 98.961444ms" pid=2051
time="2026-10-07T22:21:54.501-04:00" level=info msg="RPC> gmail.Users.Messages.Get(email=\"me\" id=\"1a05d53aa8031e9a\") => <nil> 93.002013ms" pid=2051
time="2026-10-07T22:21:54.564-04:00" level=info msg="RPC> gmail.Users.Messages.Get(email=\"me\" id=\"1a05d3ebeb0ca337\") => <nil> 99.088918ms" pid=2051
time="2026-10-07T22:21:54.625-04:00" level=info msg="RPC> gmail.Users.Messages.Get(email=\"me\" id=\"1a05d39219b32f16\") => <nil> 123.247662ms" pid=2051
time="2026-10-07T22:21:54.685-04:00" level=info msg="RPC> gmail.Users.Messages.Get(email=\"me\" id=\"1a059f23742b8e96\") => <nil> 121.082611ms" pid=2051
time="2026-10-07T22:21:54.721-04:00" level=info msg="RPC> gmail.Users.Messages.Get(email=\"me\" id=\"1a059e644789818a\") => <nil> 95.506505ms" pid=2051
time="2026-10-07T22:21:54.781-04:00" level=info msg="RPC> gmail.Users.Messages.Get(email=\"me\" id=\"1a059b8d805598b2\") => <nil> 95.122825ms" pid=2051
time="2026-10-07T22:21:54.826-04:00" level=info msg="RPC> gmail.Users.Messages.Get(email=\"me\" id=\"1a0598e60a315597\") => <nil> 105.339597ms" pid=2051
time="2026-10-07T22:21:54.874-04:00" level=info msg="RPC> gmail.Users.Messages.Get(email=\"me\" id=\"1a0596ce7d48aabb\") => <nil> 92.830666ms" pid=2051
time="2026-10-07T22:21:54.921-04:00" level=info msg="RPC> gmail.Users.Messages.Get(email=\"me\" id=\"1a0595a23a7d65bd\") => <nil> 95.00702ms" pid=2051
time="2026-10-07T22:21:54.980-04:00" level=info msg="RPC> gmail.Users.Messages.Get(email=\"me\" id=\"1a0595976541987b\") => <nil> 106.758841ms" pid=2051
time="2026-10-07T22:21:55.022-04:00" level=info msg="RPC> gmail.Users.Messages.Get(email=\"me\" id=\"1a0595451713c537\") => <nil> 100.925278ms" pid=2051
time="2026-10-07T22:21:55.112-04:00" level=info msg="RPC> gmail.Users.Messages.Get(email=\"me\" id=\"1a058fbd719e0a98\") => <nil> 130.98565ms" pid=2051
time="2026-10-07T22:21:55.124-04:00" level=info msg="RPC> gmail.Users.Messages.Get(email=\"me\" id=\"1a057d4946b6e1ba\") => <nil> 101.940607ms" pid=2051
time="2026-10-07T22:21:55.205-04:00" level=info msg="RPC> gmail.Users.Messages.Get(email=\"me\" id=\"1a055c26a6c3e6b0\") => <nil> 93.054077ms" pid=2051
time="2026-10-07T22:21:55.245-04:00" level=info msg="RPC> gmail.Users.Messages.Get(email=\"me\" id=\"1a04fbd6950db422\") => <nil> 120.973505ms" pid=2051
time="2026-10-07T22:21:55.303-04:00" level=info msg="RPC> gmail.Users.Messages.Get(email=\"me\" id=\"1a04d64bb80181cc\") => <nil> 98.355205ms" pid=2051
time="2026-10-07T22:21:55.333-04:00" level=info msg="RPC> gmail.Users.Messages.Get(email=\"me\" id=\"1a04c2ef12975ae4\") => <nil> 87.241002ms" pid=2051
time="2026-10-07T22:21:55.395-04:00" level=info msg="RPC> gmail.Users.Messages.Get(email=\"me\" id=\"1a04ba98d7873bd8\") => <nil> 91.547228ms" pid=2051
time="2026-10-07T22:21:55.439-04:00" level=info msg="RPC> gmail.Users.Messages.Get(email=\"me\" id=\"1a04b81ffcb7a859\") => <nil> 105.613022ms" pid=2051
time="2026-10-07T22:21:55.508-04:00" level=info msg="RPC> gmail.Users.Messages.Get(email=\"me\" id=\"1a04b804a697da9b\") => <nil> 112.502231ms" pid=2051
time="2026-10-07T22:21:55.527-04:00" level=info msg="RPC> gmail.Users.Messages.Get(email=\"me\" id=\"1a04a650468e6ee2\") => <nil> 88.147962ms" pid=2051
time="2026-10-07T22:21:55.611-04:00" level=info msg="RPC> gmail.Users.Messages.Get(email=\"me\" id=\"1a049f2a2ede510c\") => <nil> 102.80994ms" pid=2051
time="2026-10-07T22:21:55.614-04:00" level=info msg="RPC> gmail.Users.Messages.Get(email=\"me\" id=\"1a049ec9c092e839\") => <nil> 87.481107ms" pid=2051
time="2026-10-07T22:21:55.732-04:00" level=info msg="RPC> gmail.Users.Messages.Get(email=\"me\" id=\"1a046a88056c8cab\") => <nil> 117.558308ms" pid=2051
time="2026-10-07T22:21:55.742-04:00" level=info msg="RPC> gmail.Users.Messages.Get(email=\"me\" id=\"1a048e36883b2402\") => <nil> 130.844836ms" pid=2051
time="2026-10-07T22:21:55.834-04:00" level=info msg="RPC> gmail.Users.Messages.Get(email=\"me\" id=\"1a044b645e0ce5ea\") => <nil> 101.720089ms" pid=2051
time="2026-10-07T22:21:55.836-04:00" level=info msg="RPC> gmail.Users.Messages.Get(email=\"me\" id=\"1a044a3ecdd1ffda\") => <nil> 94.752945ms" pid=2051
time="2026-10-07T22:21:55.936-04:00" level=info msg="RPC> gmail.Users.Messages.Get(email=\"me\" id=\"1a043f1e5e339543\") => <nil> 101.394435ms" pid=2051
time="2026-10-07T22:21:55.965-04:00" level=info msg="RPC> gmail.Users.Messages.Get(email=\"me\" id=\"1a040e39d712cada\") => <nil> 128.384124ms" pid=2051
time="2026-10-07T22:21:56.025-04:00" level=info msg="RPC> gmail.Users.Messages.Get(email=\"me\" id=\"1a04093e8d804ad8\") => <nil> 89.50449ms" pid=2051
time="2026-10-07T22:21:56.085-04:00" level=info msg="RPC> gmail.Users.Messages.Get(email=\"me\" id=\"1a04092ba795008f\") => <nil> 120.018147ms" pid=2051
time="2026-10-07T22:21:56.143-04:00" level=info msg="RPC> gmail.Users.Messages.Get(email=\"me\" id=\"1a0408e0e9999466\") => <nil> 117.453311ms" pid=2051
time="2026-10-07T22:21:56.177-04:00" level=info msg="RPC> gmail.Users.Messages.Get(email=\"me\" id=\"1a0407de136256d3\") => <nil> 91.711786ms" pid=2051
time="2026-10-07T22:21:56.268-04:00" level=info msg="RPC> gmail.Users.Messages.Get(email=\"me\" id=\"1a040228c7b9be74\") => <nil> 124.715375ms" pid=2051
time="2026-10-07T22:21:56.277-04:00" level=info msg="RPC> gmail.Users.Messages.Get(email=\"me\" id=\"1a03fa5f940bdff0\") => <nil> 100.213338ms" pid=2051
time="2026-10-07T22:21:56.364-04:00" level=info msg="RPC> gmail.Users.Messages.Get(email=\"me\" id=\"1a03f8cc7bb36bd5\") => <nil> 96.204692ms" pid=2051
time="2026-10-07T22:21:56.418-04:00" level=info msg="RPC> gmail.Users.Messages.Get(email=\"me\" id=\"1a03f30dca0d92eb\") => <nil> 140.402559ms" pid=2051
time="2026-10-07T22:21:56.465-04:00" level=info msg="RPC> gmail.Users.Messages.Get(email=\"me\" id=\"1a03efd25e806c58\") => <nil> 100.72908ms" pid=2051
time="2026-10-07T22:21:56.509-04:00" level=info msg="RPC> gmail.Users.Messages.Get(email=\"me\" id=\"1a03ee0bb1b4f70a\") => <nil> 90.596928ms" pid=2051
time="2026-10-07T22:21:56.563-04:00" level=info msg="RPC> gmail.Users.Messages.Get(email=\"me\" id=\"1a03e2d353a9abd1\") => <nil> 97.545934ms" pid=2051
time="2026-10-07T22:21:56.628-04:00" level=info msg="RPC> gmail.Users.Messages.Get(email=\"me\" id=\"1a03e201a043fb48\") => <nil> 119.225209ms" pid=2051
time="2026-10-07T22:21:56.673-04:00" level=info msg="RPC> gmail.Users.Messages.Get(email=\"me\" id=\"1a03e1b145dbd120\") => <nil> 110.539284ms" pid=2051
time="2026-10-07T22:21:56.747-04:00" level=info msg="RPC> gmail.Users.Messages.Get(email=\"me\" id=\"1a03b8784b166613\") => <nil> 118.620641ms" pid=2051
time="2026-10-07T22:21:56.758-04:00" level=info msg="RPC> gmail.Users.Messages.Get(email=\"me\" id=\"1a03a37d8b5b9569\") => <nil> 84.102542ms" pid=2051
time="2026-10-07T22:21:56.794-04:00" level=info msg="Stopping keyboard input" pid=3018
time="2026-10-07T22:21:56.844-04:00" level=info msg="Input loop told to stop" pid=3018
time="2026-10-07T22:21:56.844-04:00" level=info msg="Keyboard input stopped" pid=3018
time="2026-10-07T22:21:56.848-04:00" level=info msg="RPC> gmail.Users.Messages.Get(email=\"me\" id=\"1a038cb9c62bc03b\") => <nil> 90.51776ms" pid=2051
time="2026-10-07T22:21:56.852-04:00" level=info msg="RPC> gmail.Users.Messages.Get(email=\"me\" id=\"1a0398307275ccb8\") => <nil> 104.677425ms" pid=2051
time="2026-10-07T22:21:56.942-04:00" level=info msg="RPC> gmail.Users.Messages.Get(email=\"me\" id=\"1a0384d513c921c8\") => <nil> 90.625113ms" pid=2051
time="2026-10-07T22:21:56.986-04:00" level=info msg="RPC> gmail.Users.Messages.Get(email=\"me\" id=\"1a03862e34dc38ab\") => <nil> 137.597173ms" pid=2051
time="2026-10-07T22:21:57.030-04:00" level=info msg="RPC> gmail.Users.Messages.Get(email=\"me\" id=\"1a0362ebe7d725f8\") => <nil> 87.498354ms" pid=2051
time="2026-10-07T22:21:57.099-04:00" level=info msg="RPC> gmail.Users.Messages.Get(email=\"me\" id=\"1a035c32a212160f\") => <nil> 113.396815ms" pid=2051
time="2026-10-07T22:21:57.116-04:00" level=info msg="RPC> gmail.Users.Messages.Get(email=\"me\" id=\"1a034ccd6763d94b\") => <nil> 85.882166ms" pid=2051
time="2026-10-07T22:21:57.226-04:00" level=info msg="RPC> gmail.Users.Messages.Get(email=\"me\" id=\"1a03473163276173\") => <nil> 125.882375ms" pid=2051
time="2026-10-07T22:21:57.251-04:00" level=info msg="RPC> gmail.Users.Messages.Get(email=\"me\" id=\"1a0342439f1736a0\") => <nil> 135.303933ms" pid=2051
time="2026-10-07T22:21:57.354-04:00" level=info msg="RPC> gmail.Users.Messages.Get(email=\"me\" id=\"1a033fe0d3fb637f\") => <nil> 128.741707ms" pid=2051
time="2026-10-07T22:21:57.380-04:00" level=info msg="RPC> gmail.Users.Messages.Get(email=\"me\" id=\"1a03192ae1773390\") => <nil> 128.543111ms" pid=2051
time="2026-10-07T22:21:57.466-04:00" level=info msg="RPC> gmail.Users.Messages.Get(email=\"me\" id=\"1a0312dbfef1eab7\") => <nil> 111.101436ms" pid=2051
time="2026-10-07T22:21:57.469-04:00" level=info msg="RPC> gmail.Users.Messages.Get(email=\"me\" id=\"1a031075cacb5590\") => <nil> 88.316954ms" pid=2051
time="2026-10-07T22:21:57.577-04:00" level=info msg="RPC> gmail.Users.Messages.Get(email=\"me\" id=\"1a0309b6135f8e2b\") => <nil> 110.886675ms" pid=2051
time="2026-10-07T22:21:57.596-04:00" level=info msg="RPC> gmail.Users.Messages.Get(email=\"me\" id=\"1a02eca9446a2b47\") => <nil> 127.497284ms" pid=2051
time="2026-10-07T22:21:57.697-04:00" level=info msg="RPC> gmail.Users.Messages.Get(email=\"me\" id=\"1a02b4490ba557eb\") => <nil> 100.265259ms" pid=2051
time="2026-10-07T22:21:57.697-04:00" level=info msg="RPC> gmail.Users.Messages.Get(email=\"me\" id=\"1a02c9778af19e0a\") => <nil> 119.796872ms" pid=2051
time="2026-10-07T22:21:57.819-04:00" level=info msg="RPC> gmail.Users.Messages.Get(email=\"me\" id=\"1a02a95c74ca17bf\") => <nil> 122.241841ms" pid=2051
time="2026-10-07T22:21:57.826-04:00" level=info msg="RPC> gmail.Users.Messages.Get(email=\"me\" id=\"1a02a6201c3598c2\") => <nil> 129.473117ms" pid=2051
time="2026-10-07T22:21:57.911-04:00" level=info msg="RPC> gmail.Users.Messages.Get(email=\"me\" id=\"1a0295856e034ed2\") => <nil> 91.943922ms" pid=2051
time="2026-10-07T22:21:57.917-04:00" level=info msg="RPC> gmail.Users.Messages.Get(email=\"me\" id=\"1a026d094bf84f75\") => <nil> 90.816055ms" pid=2051
time="2026-10-07T22:21:58.014-04:00" level=info msg="RPC> gmail.Users.Messages.Get(email=\"me\" id=\"1a02638dcbe2ed73\") => <nil> 102.84935ms" pid=2051
time="2026-10-07T22:21:58.016-04:00" level=info msg="RPC> gmail.Users.Messages.Get(email=\"me\" id=\"1a025eed7e4b4f04\") => <nil> 98.524146ms" pid=2051
time="2026-10-07T22:21:58.106-04:00" level=info msg="RPC> gmail.Users.Messages.Get(email=\"me\" id=\"1a025a826d3e6453\") => <nil> 90.081853ms" pid=2051
time="2026-10-07T22:21:58.108-04:00" level=info msg="RPC> gmail.Users.Messages.Get(email=\"me\" id=\"1a025cdc78c74bf4\") => <nil> 93.659977ms" pid=2051
time="2026-10-07T22:21:58.198-04:00" level=info msg="RPC> gmail.Users.Messages.Get(email=\"me\" id=\"1a022133772330ba\") => <nil> 90.006303ms" pid=2051
time="2026-10-07T22:21:58.199-04:00" level=info msg="RPC> gmail.Users.Messages.Get(email=\"me\" id=\"1a024b25196ce621\") => <nil> 93.299033ms" pid=2051
time="2026-10-07T22:21:58.291-04:00" level=info msg="RPC> gmail.Users.Messages.Get(email=\"me\" id=\"1a02211aa4f4e90d\") => <nil> 92.899367ms" pid=2051
time="2026-10-07T22:21:58.291-04:00" level=info msg="RPC> gmail.Users.Messages.Get(email=\"me\" id=\"1a02161faee26336\") => <nil> 91.482934ms" pid=2051
time="2026-10-07T22:21:58.388-04:00" level=info msg="RPC> gmail.Users.Messages.Get(email=\"me\" id=\"1a020e3a492ec402\") => <nil> 96.709416ms" pid=2051
time="2026-10-07T22:21:58.399-04:00" level=info msg="RPC> gmail.Users.Messages.Get(email=\"me\" id=\"1a020d3f6a8a7ef1\") => <nil> 107.081303ms" pid=2051
time="2026-10-07T22:21:58.480-04:00" level=info msg="RPC> gmail.Users.Messages.Get(email=\"me\" id=\"1a020b75ea69b7f8\") => <nil> 92.003805ms" pid=2051
time="2026-10-07T22:21:58.488-04:00" level=info msg="RPC> gmail.Users.Messages.Get(email=\"me\" id=\"1a020ab5b8e620af\") => <nil> 89.285409ms" pid=2051
time="2026-10-07T22:21:58.612-04:00" level=info msg="RPC> gmail.Users.Messages.Get(email=\"me\" id=\"1a02033d97dfc80b\") => <nil> 124.117396ms" pid=2051
time="2026-10-07T22:21:58.632-04:00" level=info msg="RPC> gmail.Users.Messages.Get(email=\"me\" id=\"1a020a8936aa5b44\") => <nil> 151.798638ms" pid=2051
time="2026-10-07T22:21:58.731-04:00" level=info msg="RPC> gmail.Users.Messages.Get(email=\"me\" id=\"1a01f9d21c7947e1\") => <nil> 118.415474ms" pid=2051
time="2026-10-07T22:21:58.749-04:00" level=info msg="RPC> gmail.Users.Messages.Get(email=\"me\" id=\"1a01d3c57fa1b4fe\") => <nil> 116.468648ms" pid=2051
time="2026-10-07T22:21:58.836-04:00" level=info msg="RPC> gmail.Users.Messages.Get(email=\"me\" id=\"1a01b22a75d3a251\") => <nil> 104.662601ms" pid=2051
time="2026-10-07T22:21:58.886-04:00" level=info msg="History for 2307342 INBOX" pid=2051
time="2026-10-07T22:21:58.893-04:00" level=info msg="RPC> gmail.Users.Messages.Get(email=\"me\" id=\"1a0171e354b04244\") => <nil> 144.256754ms" pid=2051
time="2026-10-07T22:21:58.931-04:00" level=info msg="RPC> gmail.Users.Messages.Get(email=\"me\" id=\"1a016f165388a60c\") => <nil> 95.019833ms" pid=2051
time="2026-10-07T22:21:58.988-04:00" level=info msg="RPC> gmail.Users.Labels.List(email=\"me\") => <nil> 103.98986ms" pid=2051
time="2026-10-07T22:21:58.988-04:00" level=info msg="Loaded labels in 104.095123ms" pid=2051
time="2026-10-07T22:21:58.988-04:00" level=info msg="Reloaded labels" pid=2051
time="2026-10-07T22:21:59.027-04:00" level=info msg="RPC> gmail.Users.History.List(email=\"me\" historyID=2307342 labelID=\"INBOX\") => <nil> 140.54891ms" pid=2051
time="2026-10-07T22:21:59.027-04:00" level=info msg="No history since last check" pid=2051
time="2026-10-07T22:21:59.027-04:00" level=info msg="History check took 140.993575ms" pid=2051
time="2026-10-07T22:21:59.030-04:00" level=info msg="RPC> gmail.Users.Messages.Get(email=\"me\" id=\"1a015c613d3c43c4\") => <nil> 99.168429ms" pid=2051
time="2026-10-07T22:21:59.149-04:00" level=info msg="RPC> gmail.Users.Messages.Get(email=\"me\" id=\"1a012dff02e5b1cd\") => <nil> 118.518264ms" pid=2051
time="2026-10-07T22:21:59.266-04:00" level=info msg="RPC> gmail.Users.Messages.Get(email=\"me\" id=\"1a0128a2ce8a1c57\") => <nil> 117.262456ms" pid=2051
time="2026-10-07T22:21:59.339-04:00" level=info msg="Got batch of 1000 contacts, total 1221" pid=2051
time="2026-10-07T22:21:59.340-04:00" level=warning msg="Contact address contains a space: \"bdnally@cox.net; brad@diversifiedroofing.com\"" pid=2051
time="2026-10-07T22:21:59.365-04:00" level=info msg="RPC> gmail.Users.Messages.Get(email=\"me\" id=\"1a011eb2da046017\") => <nil> 98.796927ms" pid=2051
time="2026-10-07T22:21:59.460-04:00" level=info msg="RPC> gmail.Users.Messages.Get(email=\"me\" id=\"1a0119df9c17ce14\") => <nil> 95.162736ms" pid=2051
time="2026-10-07T22:21:59.491-04:00" level=info msg="RPC> gmail.Users.Messages.Get(email=\"me\" id=\"1a016c6fdc49b211\") => <nil> 596.915008ms" pid=2051
time="2026-10-07T22:21:59.528-04:00" level=info msg="Got batch of 221 contacts, total 1221" pid=2051
time="2026-10-07T22:21:59.545-04:00" level=info msg="Reloaded contacts" pid=2051
time="2026-10-07T22:21:59.594-04:00" level=info msg="RPC> gmail.Users.Messages.Get(email=\"me\" id=\"1a011601029a09f3\") => <nil> 133.561418ms" pid=2051
time="2026-10-07T22:21:59.624-04:00" level=info msg="RPC> gmail.Users.Messages.Get(email=\"me\" id=\"1a010d8d7c0bda23\") => <nil> 132.794726ms" pid=2051
time="2026-10-07T22:21:59.695-04:00" level=info msg="RPC> gmail.Users.Messages.Get(email=\"me\" id=\"1a0103363726b26e\") => <nil> 100.514555ms" pid=2051
time="2026-10-07T22:21:59.754-04:00" level=info msg="RPC> gmail.Users.Messages.Get(email=\"me\" id=\"1a0101fe2e1129fb\") => <nil> 129.816543ms" pid=2051
time="2026-10-07T22:21:59.811-04:00" level=info msg="RPC> gmail.Users.Messages.Get(email=\"me\" id=\"1a00fd66f5724330\") => <nil> 116.568474ms" pid=2051
time="2026-10-07T22:21:59.855-04:00" level=info msg="RPC> gmail.Users.Messages.Get(email=\"me\" id=\"1a00e0ec634fd538\") => <nil> 101.36893ms" pid=2051
time="2026-10-07T22:21:59.933-04:00" level=info msg="RPC> gmail.Users.Messages.Get(email=\"me\" id=\"1a00d972c18dbb25\") => <nil> 121.198522ms" pid=2051
time="2026-10-07T22:21:59.976-04:00" level=info msg="RPC> gmail.Users.Messages.Get(email=\"me\" id=\"1a00d1b844949889\") => <nil> 120.268394ms" pid=2051
time="2026-10-07T22:22:00.039-04:00" level=info msg="RPC> gmail.Users.Messages.Get(email=\"me\" id=\"1a00bdf844fb8abc\") => <nil> 105.717589ms" pid=2051
time="2026-10-07T22:22:00.108-04:00" level=info msg="RPC> gmail.Users.Messages.Get(email=\"me\" id=\"1a00791fbaff9689\") => <nil> 132.225545ms" pid=2051
time="2026-10-07T22:22:00.134-04:00" level=info msg="RPC> gmail.Users.Messages.Get(email=\"me\" id=\"1a006d34c5f51255\") => <nil> 95.454839ms" pid=2051
time="2026-10-07T22:22:00.204-04:00" level=info msg="RPC> gmail.Users.Messages.Get(email=\"me\" id=\"1a006c98c5b3d92f\") => <nil> 95.450796ms" pid=2051
time="2026-10-07T22:22:00.234-04:00" level=info msg="RPC> gmail.Users.Messages.Get(email=\"me\" id=\"1a006c40eecf8e61\") => <nil> 100.035438ms" pid=2051
time="2026-10-07T22:22:00.296-04:00" level=info msg="RPC> gmail.Users.Messages.Get(email=\"me\" id=\"1a006b5b88eca0d2\") => <nil> 91.800324ms" pid=2051
time="2026-10-07T22:22:00.348-04:00" level=info msg="RPC> gmail.Users.Messages.Get(email=\"me\" id=\"1a006a73247e7c3f\") => <nil> 113.496495ms" pid=2051
time="2026-10-07T22:22:00.408-04:00" level=info msg="RPC> gmail.Users.Messages.Get(email=\"me\" id=\"1a002f452b5fc327\") => <nil> 112.031455ms" pid=2051
time="2026-10-07T22:22:00.444-04:00" level=info msg="RPC> gmail.Users.Messages.Get(email=\"me\" id=\"1a002990e10d1865\") => <nil> 95.316636ms" pid=2051
time="2026-10-07T22:22:00.477-04:00" level=info msg="Starting keyboard input" pid=3018
time="2026-10-07T22:22:00.518-04:00" level=info msg="RPC> gmail.Users.Messages.Get(email=\"me\" id=\"1a002745902a7655\") => <nil> 109.739948ms" pid=2051
time="2026-10-07T22:22:00.577-04:00" level=info msg="RPC> gmail.Users.Messages.Get(email=\"me\" id=\"1a00259fd91948cb\") => <nil> 133.369123ms" pid=2051
time="2026-10-07T22:22:00.586-04:00" level=info msg="Address scan: 1000 of 2492 new messages done, 0 of them failed; read 1000 messages in all, back to 2023-08-27, dating 350 addresses" pid=2051
time="2026-10-07T22:22:00.716-04:00" level=info msg="RPC> gmail.Users.Messages.Get(email=\"me\" id=\"1a00240d644e541e\") => <nil> 130.193919ms" pid=2051
time="2026-10-07T22:22:00.747-04:00" level=info msg="RPC> gmail.Users.Messages.Get(email=\"me\" id=\"1a00239d110cdf8a\") => <nil> 124.062959ms" pid=2051
time="2026-10-07T22:22:00.809-04:00" level=info msg="RPC> gmail.Users.Messages.Get(email=\"me\" id=\"1a002378236bca36\") => <nil> 92.399281ms" pid=2051
time="2026-10-07T22:22:00.844-04:00" level=info msg="RPC> gmail.Users.Messages.Get(email=\"me\" id=\"1a0021369a5acc2b\") => <nil> 96.780119ms" pid=2051
time="2026-10-07T22:22:00.912-04:00" level=info msg="RPC> gmail.Users.Messages.Get(email=\"me\" id=\"1a001c31b190704a\") => <nil> 103.29726ms" pid=2051
time="2026-10-07T22:22:00.932-04:00" level=info msg="RPC> gmail.Users.Messages.Get(email=\"me\" id=\"1a001b879f0e4389\") => <nil> 87.909825ms" pid=2051
time="2026-10-07T22:22:01.025-04:00" level=info msg="RPC> gmail.Users.Messages.Get(email=\"me\" id=\"1a0019d4830ea8c9\") => <nil> 92.901736ms" pid=2051
time="2026-10-07T22:22:01.030-04:00" level=info msg="RPC> gmail.Users.Messages.Get(email=\"me\" id=\"1a001b075d2840ff\") => <nil> 118.059894ms" pid=2051
time="2026-10-07T22:22:01.120-04:00" level=info msg="RPC> gmail.Users.Messages.Get(email=\"me\" id=\"1a00193ef9695284\") => <nil> 95.349422ms" pid=2051
time="2026-10-07T22:22:01.132-04:00" level=info msg="RPC> gmail.Users.Messages.Get(email=\"me\" id=\"1a0018f743f1cc7f\") => <nil> 102.153362ms" pid=2051
time="2026-10-07T22:22:01.222-04:00" level=info msg="RPC> gmail.Users.Messages.Get(email=\"me\" id=\"1a0017ccad9341b9\") => <nil> 89.450349ms" pid=2051
time="2026-10-07T22:22:01.222-04:00" level=info msg="RPC> gmail.Users.Messages.Get(email=\"me\" id=\"1a0018ea11b11225\") => <nil> 101.891308ms" pid=2051
time="2026-10-07T22:22:01.323-04:00" level=info msg="RPC> gmail.Users.Messages.Get(email=\"me\" id=\"1a0011e722e6da73\") => <nil> 100.891054ms" pid=2051
time="2026-10-07T22:22:01.325-04:00" level=info msg="RPC> gmail.Users.Messages.Get(email=\"me\" id=\"1a0017adaba5665e\") => <nil> 102.495119ms" pid=2051
time="2026-10-07T22:22:01.414-04:00" level=info msg="RPC> gmail.Users.Messages.Get(email=\"me\" id=\"1a0010f9ff7409a6\") => <nil> 90.145342ms" pid=2051
time="2026-10-07T22:22:01.432-04:00" level=info msg="RPC> gmail.Users.Messages.Get(email=\"me\" id=\"1a000f87dfe8a726\") => <nil> 107.025278ms" pid=2051
time="2026-10-07T22:22:01.487-04:00" level=info msg="Stopping keyboard input" pid=3018
time="2026-10-07T22:22:01.528-04:00" level=info msg="RPC> gmail.Users.Messages.Get(email=\"me\" id=\"1a000d4f1d6bae55\") => <nil> 113.96023ms" pid=2051
time="2026-10-07T22:22:01.537-04:00" level=info msg="RPC> gmail.Users.Messages.Get(email=\"me\" id=\"1a000c6c9fc65e7a\") => <nil> 105.344452ms" pid=2051
time="2026-10-07T22:22:01.537-04:00" level=info msg="Input loop told to stop" pid=3018
time="2026-10-07T22:22:01.538-04:00" level=info msg="Keyboard input stopped" pid=3018
time="2026-10-07T22:22:01.545-04:00" level=info msg="Window pid 3017 exited: <nil>, stderr \"\"" pid=2051
time="2026-10-07T22:22:01.547-04:00" level=info msg="MessageListView got WINCH!" pid=2051
time="2026-10-07T22:22:01.637-04:00" level=info msg="RPC> gmail.Users.Messages.Get(email=\"me\" id=\"1a0008ae93f850d7\") => <nil> 109.663263ms" pid=2051
time="2026-10-07T22:22:01.654-04:00" level=info msg="RPC> gmail.Users.Messages.Get(email=\"me\" id=\"1a0007ad4871cc59\") => <nil> 116.454973ms" pid=2051
time="2026-10-07T22:22:01.727-04:00" level=info msg="RPC> gmail.Users.Messages.Get(email=\"me\" id=\"19ffe10db0b8ea82\") => <nil> 89.830988ms" pid=2051
time="2026-10-07T22:22:01.753-04:00" level=info msg="RPC> gmail.Users.Messages.Get(email=\"me\" id=\"19ffcfd84e813d93\") => <nil> 99.073289ms" pid=2051
time="2026-10-07T22:22:01.828-04:00" level=info msg="RPC> gmail.Users.Messages.Get(email=\"me\" id=\"19ffce236a4f486f\") => <nil> 100.533767ms" pid=2051
time="2026-10-07T22:22:01.879-04:00" level=info msg="RPC> gmail.Users.Messages.Get(email=\"me\" id=\"19ffcc6409416ebb\") => <nil> 125.757479ms" pid=2051
time="2026-10-07T22:22:01.927-04:00" level=info msg="RPC> gmail.Users.Messages.Get(email=\"me\" id=\"19ffc9d1f7397d9f\") => <nil> 98.253998ms" pid=2051
time="2026-10-07T22:22:01.967-04:00" level=info msg="RPC> gmail.Users.Messages.Get(email=\"me\" id=\"19ffc908eac784e3\") => <nil> 87.375296ms" pid=2051
time="2026-10-07T22:22:02.050-04:00" level=info msg="RPC> gmail.Users.Messages.Get(email=\"me\" id=\"19ffbdabdb30fcf0\") => <nil> 123.806816ms" pid=2051
time="2026-10-07T22:22:02.106-04:00" level=info msg="RPC> gmail.Users.Messages.Get(email=\"me\" id=\"19ffbd96ab2896e5\") => <nil> 139.719416ms" pid=2051
time="2026-10-07T22:22:02.144-04:00" level=info msg="RPC> gmail.Users.Messages.Get(email=\"me\" id=\"19ffb574563487f2\") => <nil> 93.904453ms" pid=2051
time="2026-10-07T22:22:02.201-04:00" level=info msg="RPC> gmail.Users.Messages.Get(email=\"me\" id=\"19ffb56457eaf377\") => <nil> 94.030383ms" pid=2051
time="2026-10-07T22:22:02.264-04:00" level=info msg="RPC> gmail.Users.Messages.Get(email=\"me\" id=\"19ffb20a3fd84ba5\") => <nil> 119.549153ms" pid=2051
time="2026-10-07T22:22:02.294-04:00" level=info msg="RPC> gmail.Users.Messages.Get(email=\"me\" id=\"19ffadcbe18334bd\") => <nil> 92.823721ms" pid=2051
time="2026-10-07T22:22:02.359-04:00" level=info msg="RPC> gmail.Users.Messages.Get(email=\"me\" id=\"19ff803c375e81f5\") => <nil> 94.846424ms" pid=2051
time="2026-10-07T22:22:02.385-04:00" level=info msg="RPC> gmail.Users.Messages.Get(email=\"me\" id=\"19ff7fe8961770a1\") => <nil> 91.215062ms" pid=2051
time="2026-10-07T22:22:02.459-04:00" level=info msg="RPC> gmail.Users.Messages.Get(email=\"me\" id=\"19ff4316284e088e\") => <nil> 99.589745ms" pid=2051
time="2026-10-07T22:22:02.498-04:00" level=info msg="RPC> gmail.Users.Messages.Get(email=\"me\" id=\"19ff3a0f63229405\") => <nil> 112.943162ms" pid=2051
time="2026-10-07T22:22:02.547-04:00" level=info msg="RPC> gmail.Users.Messages.Get(email=\"me\" id=\"19ff37178ed18aa6\") => <nil> 87.464171ms" pid=2051
time="2026-10-07T22:22:02.596-04:00" level=info msg="RPC> gmail.Users.Messages.Get(email=\"me\" id=\"19ff32cb5beb6402\") => <nil> 97.671313ms" pid=2051
time="2026-10-07T22:22:02.672-04:00" level=info msg="RPC> gmail.Users.Messages.Get(email=\"me\" id=\"19ff2d1617210e8b\") => <nil> 125.50944ms" pid=2051
time="2026-10-07T22:22:02.688-04:00" level=info msg="RPC> gmail.Users.Messages.Get(email=\"me\" id=\"19ff2b6ca649fc8e\") => <nil> 91.689601ms" pid=2051
time="2026-10-07T22:22:02.786-04:00" level=info msg="RPC> gmail.Users.Messages.Get(email=\"me\" id=\"19ff295dc5df3cc3\") => <nil> 113.377876ms" pid=2051
time="2026-10-07T22:22:02.788-04:00" level=info msg="RPC> gmail.Users.Messages.Get(email=\"me\" id=\"19ff28d4f6ada685\") => <nil> 100.295737ms" pid=2051
time="2026-10-07T22:22:02.893-04:00" level=info msg="RPC> gmail.Users.Messages.Get(email=\"me\" id=\"19ff26d37449ef76\") => <nil> 104.886173ms" pid=2051
time="2026-10-07T22:22:02.927-04:00" level=info msg="RPC> gmail.Users.Messages.Get(email=\"me\" id=\"19ff289a02702f63\") => <nil> 141.071674ms" pid=2051
time="2026-10-07T22:22:02.990-04:00" level=info msg="RPC> gmail.Users.Messages.Get(email=\"me\" id=\"19ff254f792b4b8e\") => <nil> 96.631412ms" pid=2051
time="2026-10-07T22:22:03.031-04:00" level=info msg="RPC> gmail.Users.Messages.Get(email=\"me\" id=\"19ff092ce8c3abb2\") => <nil> 103.495648ms" pid=2051
time="2026-10-07T22:22:03.086-04:00" level=info msg="RPC> gmail.Users.Messages.Get(email=\"me\" id=\"19fee68387d3b1c4\") => <nil> 95.54042ms" pid=2051
time="2026-10-07T22:22:03.139-04:00" level=info msg="RPC> gmail.Users.Messages.Get(email=\"me\" id=\"19fedd247dc27160\") => <nil> 108.178804ms" pid=2051
time="2026-10-07T22:22:03.199-04:00" level=info msg="RPC> gmail.Users.Messages.Get(email=\"me\" id=\"19fedc12f7044d71\") => <nil> 113.269322ms" pid=2051
time="2026-10-07T22:22:03.244-04:00" level=info msg="RPC> gmail.Users.Messages.Get(email=\"me\" id=\"19fedb426d436a4f\") => <nil> 104.500811ms" pid=2051
time="2026-10-07T22:22:03.305-04:00" level=info msg="RPC> gmail.Users.Messages.Get(email=\"me\" id=\"19fec5f61d54cdc6\") => <nil> 105.970134ms" pid=2051
time="2026-10-07T22:22:03.376-04:00" level=info msg="RPC> gmail.Users.Messages.Get(email=\"me\" id=\"19fe93d6ca6f0a99\") => <nil> 132.131346ms" pid=2051
time="2026-10-07T22:22:03.404-04:00" level=info msg="RPC> gmail.Users.Messages.Get(email=\"me\" id=\"19fe92ed091cef31\") => <nil> 99.104947ms" pid=2051
time="2026-10-07T22:22:03.471-04:00" level=info msg="RPC> gmail.Users.Messages.Get(email=\"me\" id=\"19fe85f154977d98\") => <nil> 94.871514ms" pid=2051
time="2026-10-07T22:22:03.504-04:00" level=info msg="RPC> gmail.Users.Messages.Get(email=\"me\" id=\"19fe7c2a722196ac\") => <nil> 99.702569ms" pid=2051
time="2026-10-07T22:22:03.610-04:00" level=info msg="RPC> gmail.Users.Messages.Get(email=\"me\" id=\"19fe68d7c947de2c\") => <nil> 106.086828ms" pid=2051
time="2026-10-07T22:22:03.613-04:00" level=info msg="RPC> gmail.Users.Messages.Get(email=\"me\" id=\"19fe7a66f14658ab\") => <nil> 141.646434ms" pid=2051
time="2026-10-07T22:22:03.724-04:00" level=info msg="RPC> gmail.Users.Messages.Get(email=\"me\" id=\"19fe66f8c10d596c\") => <nil> 113.44782ms" pid=2051
time="2026-10-07T22:22:03.853-04:00" level=info msg="RPC> gmail.Users.Messages.Get(email=\"me\" id=\"19fe2818dec7a574\") => <nil> 128.930053ms" pid=2051
time="2026-10-07T22:22:03.954-04:00" level=info msg="RPC> gmail.Users.Messages.Get(email=\"me\" id=\"19fe2452d6ea7def\") => <nil> 100.973117ms" pid=2051
time="2026-10-07T22:22:04.055-04:00" level=info msg="RPC> gmail.Users.Messages.Get(email=\"me\" id=\"19fe21a364a6c74f\") => <nil> 100.723336ms" pid=2051
time="2026-10-07T22:22:04.093-04:00" level=info msg="RPC> gmail.Users.Messages.Get(email=\"me\" id=\"19fe2c603acaf89c\") => <nil> 480.002446ms" pid=2051
time="2026-10-07T22:22:04.157-04:00" level=info msg="RPC> gmail.Users.Messages.Get(email=\"me\" id=\"19fe0fb2558e42a5\") => <nil> 101.788104ms" pid=2051
time="2026-10-07T22:22:04.214-04:00" level=info msg="RPC> gmail.Users.Messages.Get(email=\"me\" id=\"19fe0c54bb02400b\") => <nil> 121.134895ms" pid=2051
time="2026-10-07T22:22:04.277-04:00" level=info msg="RPC> gmail.Users.Messages.Get(email=\"me\" id=\"19fe09e78588d417\") => <nil> 119.986396ms" pid=2051
time="2026-10-07T22:22:04.322-04:00" level=info msg="RPC> gmail.Users.Messages.Get(email=\"me\" id=\"19fe07dc7db930d9\") => <nil> 108.182266ms" pid=2051
time="2026-10-07T22:22:04.381-04:00" level=info msg="RPC> gmail.Users.Messages.Get(email=\"me\" id=\"19fdf217ebbb0489\") => <nil> 103.385928ms" pid=2051
time="2026-10-07T22:22:04.413-04:00" level=info msg="RPC> gmail.Users.Messages.Get(email=\"me\" id=\"19fdf183776a574c\") => <nil> 90.386785ms" pid=2051
time="2026-10-07T22:22:04.482-04:00" level=info msg="RPC> gmail.Users.Messages.Get(email=\"me\" id=\"19fde4a97fa70141\") => <nil> 101.756278ms" pid=2051
time="2026-10-07T22:22:04.513-04:00" level=info msg="RPC> gmail.Users.Messages.Get(email=\"me\" id=\"19fddce3da2faabb\") => <nil> 99.860679ms" pid=2051
time="2026-10-07T22:22:04.610-04:00" level=info msg="RPC> gmail.Users.Messages.Get(email=\"me\" id=\"19fdd81d12f99b9d\") => <nil> 127.011983ms" pid=2051
time="2026-10-07T22:22:04.655-04:00" level=info msg="RPC> gmail.Users.Messages.Get(email=\"me\" id=\"19fdd69e11d4cdf7\") => <nil> 142.178079ms" pid=2051
time="2026-10-07T22:22:04.703-04:00" level=info msg="RPC> gmail.Users.Messages.Get(email=\"me\" id=\"19fdd6565528e890\") => <nil> 93.347552ms" pid=2051
time="2026-10-07T22:22:04.807-04:00" level=info msg="RPC> gmail.Users.Messages.Get(email=\"me\" id=\"19fdd5d98fec5240\") => <nil> 103.614902ms" pid=2051
time="2026-10-07T22:22:04.886-04:00" level=info msg="RPC> gmail.Users.Messages.Get(email=\"me\" id=\"19fdd5fb8f49754c\") => <nil> 230.750739ms" pid=2051
time="2026-10-07T22:22:04.947-04:00" level=info msg="RPC> gmail.Users.Messages.Get(email=\"me\" id=\"19fdd3846f3c2961\") => <nil> 140.205546ms" pid=2051
time="2026-10-07T22:22:04.974-04:00" level=info msg="RPC> gmail.Users.Messages.Get(email=\"me\" id=\"19fdcffb7fc7d2a0\") => <nil> 87.838669ms" pid=2051
time="2026-10-07T22:22:05.052-04:00" level=info msg="RPC> gmail.Users.Messages.Get(email=\"me\" id=\"19fdcfb201c7451e\") => <nil> 104.276331ms" pid=2051
time="2026-10-07T22:22:05.101-04:00" level=info msg="RPC> gmail.Users.Messages.Get(email=\"me\" id=\"19fdbc1fdb84d6c0\") => <nil> 126.400003ms" pid=2051
time="2026-10-07T22:22:05.176-04:00" level=info msg="RPC> gmail.Users.Messages.Get(email=\"me\" id=\"19fd9f4b183e5e02\") => <nil> 124.335878ms" pid=2051
time="2026-10-07T22:22:05.227-04:00" level=info msg="RPC> gmail.Users.Messages.Get(email=\"me\" id=\"19fd9e67a2202bb9\") => <nil> 125.789971ms" pid=2051
time="2026-10-07T22:22:05.300-04:00" level=info msg="RPC> gmail.Users.Messages.Get(email=\"me\" id=\"19fd9e30c350f830\") => <nil> 123.90292ms" pid=2051
time="2026-10-07T22:22:05.322-04:00" level=info msg="RPC> gmail.Users.Messages.Get(email=\"me\" id=\"19fd9986e261191e\") => <nil> 95.762008ms" pid=2051
time="2026-10-07T22:22:05.439-04:00" level=info msg="RPC> gmail.Users.Messages.Get(email=\"me\" id=\"19fd982373a004c8\") => <nil> 138.584245ms" pid=2051
time="2026-10-07T22:22:05.447-04:00" level=info msg="RPC> gmail.Users.Messages.Get(email=\"me\" id=\"19fd96d360f98cae\") => <nil> 124.001393ms" pid=2051
time="2026-10-07T22:22:05.532-04:00" level=info msg="RPC> gmail.Users.Messages.Get(email=\"me\" id=\"19fd8bd049f77f5a\") => <nil> 92.665685ms" pid=2051
time="2026-10-07T22:22:05.547-04:00" level=info msg="RPC> gmail.Users.Messages.Get(email=\"me\" id=\"19fd87741dbbc21b\") => <nil> 99.832437ms" pid=2051
time="2026-10-07T22:22:05.625-04:00" level=info msg="RPC> gmail.Users.Messages.Get(email=\"me\" id=\"19fd8709e471ea4e\") => <nil> 93.360782ms" pid=2051
time="2026-10-07T22:22:05.678-04:00" level=info msg="RPC> gmail.Users.Messages.Get(email=\"me\" id=\"19fd762834d227a3\") => <nil> 130.925808ms" pid=2051
time="2026-10-07T22:22:05.711-04:00" level=info msg="RPC> gmail.Users.Messages.Get(email=\"me\" id=\"19fd72ead8c7c709\") => <nil> 86.158915ms" pid=2051
time="2026-10-07T22:22:05.783-04:00" level=info msg="RPC> gmail.Users.Messages.Get(email=\"me\" id=\"19fd535b8efeaa76\") => <nil> 105.599191ms" pid=2051
time="2026-10-07T22:22:05.810-04:00" level=info msg="RPC> gmail.Users.Messages.Get(email=\"me\" id=\"19fd4e89307216a6\") => <nil> 98.038154ms" pid=2051
time="2026-10-07T22:22:05.885-04:00" level=info msg="RPC> gmail.Users.Messages.Get(email=\"me\" id=\"19fd4abd65631d43\") => <nil> 101.607261ms" pid=2051
time="2026-10-07T22:22:05.952-04:00" level=info msg="RPC> gmail.Users.Messages.Get(email=\"me\" id=\"19fd4a812d6ce0bc\") => <nil> 142.427855ms" pid=2051
time="2026-10-07T22:22:05.994-04:00" level=info msg="RPC> gmail.Users.Messages.Get(email=\"me\" id=\"19fd48dded1e6e36\") => <nil> 108.86426ms" pid=2051
time="2026-10-07T22:22:06.052-04:00" level=info msg="RPC> gmail.Users.Messages.Get(email=\"me\" id=\"19fd48dcdb802bd0\") => <nil> 99.623413ms" pid=2051
time="2026-10-07T22:22:06.091-04:00" level=info msg="RPC> gmail.Users.Messages.Get(email=\"me\" id=\"19fd3f1ae818d4da\") => <nil> 96.994719ms" pid=2051
time="2026-10-07T22:22:06.164-04:00" level=info msg="RPC> gmail.Users.Messages.Get(email=\"me\" id=\"19fd391bd60ddf07\") => <nil> 112.143877ms" pid=2051
time="2026-10-07T22:22:06.183-04:00" level=info msg="RPC> gmail.Users.Messages.Get(email=\"me\" id=\"19fd38ef88f6a32a\") => <nil> 91.892424ms" pid=2051
time="2026-10-07T22:22:06.278-04:00" level=info msg="RPC> gmail.Users.Messages.Get(email=\"me\" id=\"19fd35854e172503\") => <nil> 94.207312ms" pid=2051
time="2026-10-07T22:22:06.280-04:00" level=info msg="RPC> gmail.Users.Messages.Get(email=\"me\" id=\"19fd36acf4647631\") => <nil> 115.345617ms" pid=2051
time="2026-10-07T22:22:06.381-04:00" level=info msg="RPC> gmail.Users.Messages.Get(email=\"me\" id=\"19fd34ad3e6aae6f\") => <nil> 102.938338ms" pid=2051
time="2026-10-07T22:22:06.408-04:00" level=info msg="RPC> gmail.Users.Messages.Get(email=\"me\" id=\"19fd33007436ed7c\") => <nil> 127.934379ms" pid=2051
time="2026-10-07T22:22:06.482-04:00" level=info msg="RPC> gmail.Users.Messages.Get(email=\"me\" id=\"19fd31844cb46000\") => <nil> 101.408921ms" pid=2051
time="2026-10-07T22:22:06.517-04:00" level=info msg="RPC> gmail.Users.Messages.Get(email=\"me\" id=\"19fd280e68bfe977\") => <nil> 109.515051ms" pid=2051
time="2026-10-07T22:22:06.576-04:00" level=info msg="RPC> gmail.Users.Messages.Get(email=\"me\" id=\"19fd26836ec27da6\") => <nil> 93.717825ms" pid=2051
time="2026-10-07T22:22:06.608-04:00" level=info msg="RPC> gmail.Users.Messages.Get(email=\"me\" id=\"19fd21edd042e083\") => <nil> 90.825687ms" pid=2051
time="2026-10-07T22:22:06.676-04:00" level=info msg="RPC> gmail.Users.Messages.Get(email=\"me\" id=\"19fcf0a8ec50b209\") => <nil> 100.282632ms" pid=2051
time="2026-10-07T22:22:06.726-04:00" level=info msg="RPC> gmail.Users.Messages.Get(email=\"me\" id=\"19fcec130b112c77\") => <nil> 117.243659ms" pid=2051
time="2026-10-07T22:22:06.763-04:00" level=info msg="RPC> gmail.Users.Messages.Get(email=\"me\" id=\"19fcea4d51042fbd\") => <nil> 85.993898ms" pid=2051
time="2026-10-07T22:22:06.828-04:00" level=info msg="RPC> gmail.Users.Messages.Get(email=\"me\" id=\"19fce98e33912a31\") => <nil> 102.418407ms" pid=2051
time="2026-10-07T22:22:06.893-04:00" level=info msg="RPC> gmail.Users.Messages.Get(email=\"me\" id=\"19fce4c3176ccae0\") => <nil> 129.940422ms" pid=2051
time="2026-10-07T22:22:06.948-04:00" level=info msg="RPC> gmail.Users.Messages.Get(email=\"me\" id=\"19fce421f10b889d\") => <nil> 119.37289ms" pid=2051
time="2026-10-07T22:22:07.016-04:00" level=info msg="RPC> gmail.Users.Messages.Get(email=\"me\" id=\"19fcdc52574a83ff\") => <nil> 123.630488ms" pid=2051
time="2026-10-07T22:22:07.064-04:00" level=info msg="RPC> gmail.Users.Messages.Get(email=\"me\" id=\"19fcdbe39fe005ea\") => <nil> 116.235622ms" pid=2051
time="2026-10-07T22:22:07.116-04:00" level=info msg="RPC> gmail.Users.Messages.Get(email=\"me\" id=\"19fcd548d365356b\") => <nil> 99.251774ms" pid=2051
time="2026-10-07T22:22:07.172-04:00" level=info msg="RPC> gmail.Users.Messages.Get(email=\"me\" id=\"19fca9c5f80e6f3d\") => <nil> 107.677422ms" pid=2051
time="2026-10-07T22:22:07.212-04:00" level=info msg="RPC> gmail.Users.Messages.Get(email=\"me\" id=\"19fc960c8551eedb\") => <nil> 96.03584ms" pid=2051
time="2026-10-07T22:22:07.269-04:00" level=info msg="RPC> gmail.Users.Messages.Get(email=\"me\" id=\"19fc93a22c150282\") => <nil> 96.569364ms" pid=2051
time="2026-10-07T22:22:07.325-04:00" level=info msg="RPC> gmail.Users.Messages.Get(email=\"me\" id=\"19fc8787a92a3fc4\") => <nil> 113.347801ms" pid=2051
time="2026-10-07T22:22:07.372-04:00" level=info msg="RPC> gmail.Users.Messages.Get(email=\"me\" id=\"19fc8724a06de6a1\") => <nil> 103.230275ms" pid=2051
time="2026-10-07T22:22:07.432-04:00" level=info msg="RPC> gmail.Users.Messages.Get(email=\"me\" id=\"19fc85c2705b89cd\") => <nil> 106.407029ms" pid=2051
time="2026-10-07T22:22:07.482-04:00" level=info msg="RPC> gmail.Users.Messages.Get(email=\"me\" id=\"19fc830471a02641\") => <nil> 109.441529ms" pid=2051
time="2026-10-07T22:22:07.531-04:00" level=info msg="RPC> gmail.Users.Messages.Get(email=\"me\" id=\"19fc7d88e68e130f\") => <nil> 98.890474ms" pid=2051
time="2026-10-07T22:22:07.565-04:00" level=info msg="MessageView returned, stopping keys" pid=2051
time="2026-10-07T22:22:07.565-04:00" level=info msg="Stopping keyboard input" pid=2051
time="2026-10-07T22:22:07.584-04:00" level=info msg="RPC> gmail.Users.Messages.Get(email=\"me\" id=\"19fc7d4b74355df5\") => <nil> 102.671444ms" pid=2051
time="2026-10-07T22:22:07.615-04:00" level=info msg="Input loop told to stop" pid=2051
time="2026-10-07T22:22:07.615-04:00" level=info msg="Keyboard input stopped" pid=2051
time="2026-10-07T22:22:07.615-04:00" level=info msg="Shutting down" pid=2051
